{"_type":"news","didUMean":"","totalCount":2179,"relatedSearch":["sergei <b>lavrov</b>","sergey <b>lavrov</b>","relations","armenias decision to revive","15 km from azeri","offering bounties for us","troops","shared","germany highlight  interest","<b>lavrov</b> in july","pompeo","state mike pompeo"],"value":[{"id":"722377367085649469","title":"Russia interested in cooperation with China on 5G: Russian FM <b>Lavrov</b>","url":"https://www.business-standard.com/article/international/russia-interested-in-cooperation-with-china-on-5g-russian-fm-lavrov-120082400093_1.html","description":"Read more about Russia interested in cooperation with China on 5G: Russian FM <b>Lavrov</b> on Business Standard. Russia is interested in cooperation with China on 5G technology, TASS news agency reported, citing Russian Foreign Minister Sergei <b>Lavrov</b>","body":"5G\ntechnology, TASS news agency reported, citing Russian Foreign Minister Sergei Lavrov.\n\"We will definitely not follow the example of the Americans, who simply demand that everyone not cooperate on\n5G\nwith China, in particular with Huawei,\" Lavrov said on Sunday at the All-Russian Youth Educational Forum \"Territory of Meanings\", Xinhua news agency reported.\n\"On the contrary, we are interested in interacting with countries in order to jointly create modern technologies and implement them into practical life,\" he added.\nAccording to Lavrov, relevant ministries and departments are actively involved in the distribution of this technology in","keywords":"","language":"en","isSafe":true,"datePublished":"2020-08-24T02:28:00","provider":{"name":"business-standard"},"image":{"url":"https://bsmedia.business-standard.com/_media/bs/img/article/2016-08/13/full/1471072381-3672.jpg","height":464,"width":620,"thumbnail":"https://rapidapi.contextualwebsearch.com/api/thumbnail/get?value=6642164779708776770","thumbnailHeight":86,"thumbnailWidth":116,"base64Encoding":null,"name":null,"title":null,"imageWebSearchUrl":null}},{"id":"4031411630077092844","title":"<b>Lavrov</b>: U.S. move to return UN sanctions on Iran will produce no result","url":"https://www.tehrantimes.com/news/451617/Lavrov-U-S-move-to-return-UN-sanctions-on-Iran-will-produce","description":"TEHRAN - Russian Foreign Minister Sergey <b>Lavrov</b> has said that the United States attempt to trigger snapback mechanism and restore all sanctions on Iran might trigger a serious scandal at the UN Security Council and eventually undermine its authority.","body":"Politics\nAugust 23, 2020 - 19:20\nTEHRAN - Russian Foreign Minister Sergey Lavrov has said that the United States attempt to trigger snapback mechanism and restore all sanctions on Iran might trigger a serious scandal at the UN Security Council and eventually undermine its authority.\nWe are working with our U.S. partners and other Security Council members in New York and in capitals. We understand that the vast majority of nations realize the incorrectness and counter-productivity of this attempt. It will produce no result anyway, but it might eventually lead to a very serious scandal and a rift within the UN Security Council, and, in the final analysis, undermine its authority, TASS quoted him as saying on Sunday in an interview with the Rossiya-1 TV channel.\nHe noted that Washington withdrew from the 2015 nuclear deal, known as the Joint Comprehensive Plan of Action.\nThe thing is that one of the states behind the consensus res","keywords":"","language":"en","isSafe":true,"datePublished":"2020-08-23T14:50:31","provider":{"name":"tehrantimes"},"image":{"url":"","height":0,"width":0,"thumbnail":"","thumbnailHeight":0,"thumbnailWidth":0,"base64Encoding":"","name":null,"title":null,"imageWebSearchUrl":null}},{"id":"6423004463339470363","title":"Russia ready to co-operate with Huawei on 5G: Sergei <b>Lavrov</b>","url":"https://www.moneycontrol.com/news/business/russia-ready-to-co-operatehuawei5g-sergei-lavrov_14206641.html","description":"The Interfax news agency reported on August 23, citing Russia's Foreign Minister Sergei <b>Lavrov</b> on developing 5G in co-operation with China.","body":"Last Updated : Aug 23, 2020 08:20 PM IST    | Source:\nReuters\nRussia ready to co-operate with Huawei on 5G: Sergei Lavrov\nThe Interfax news agency reported on August 23, citing Russia's Foreign Minister Sergei Lavrov on developing 5G in co-operation with China.\nReuters\nRepresentative image\nRussia is ready to co-operate with China and its Huawei Technologies Co on 5G technology which Moscow is currently trying to develop, the Interfax news agency reported on August 23, citing Russia's Foreign Minister Sergei Lavrov.\n\nFirst Published on Aug 23, 2020 06:50 pm\ntags\n#5G                     #Business                     #China                     #Huawei Technologies                     #Russia                     #Technology                     #World News\nWatch\nTrade Setup for Monday: Top 15 things to know before Opening Bell   Watch more\nWhy Trump wants to avoid mail-in voting   Watch more\nTop-Five Cleanest And Dirtiest Cities In India   Watch more\nHow IEX's G-TAM trading will benefit the","keywords":"","language":"en","isSafe":true,"datePublished":"2020-08-23T13:20:02","provider":{"name":"moneycontrol"},"image":{"url":"https://images.moneycontrol.com/static-mcnews/2020/07/5G-1-770x433.jpg","height":433,"width":770,"thumbnail":"https://rapidapi.contextualwebsearch.com/api/thumbnail/get?value=4760850938173715487","thumbnailHeight":216,"thumbnailWidth":384,"base64Encoding":null,"name":null,"title":null,"imageWebSearchUrl":null}},{"id":"4978047170422060474","title":"Russia's <b>Lavrov</b> says Belarusian opposition members who left for West seek 'bloodshed'","url":"https://www.thestar.com.my/news/world/2020/08/23/russia039s-lavrov-says-belarusian-opposition-members-who-left-for-west-seek-039bloodshed039---ria","description":"MOSCOW (Reuters) - Russia's Foreign Minister Sergei <b>Lavrov</b> accused Belarusian opposition members who left Belarus during recent protests of seeking \"bloodshed\", according to the RIA newsagency on Sunday.","body":"Sunday, 23 Aug 2020\n9:13 PM MYT\nFILE PHOTO: Belarusian opposition politician Sviatlana Tsikhanouskaya speaks in a video message in an unknown location in Lithuania, in this still image taken from handout video released August 19, 2020. Sviatlana Tsikhanouskaya Headquarters/Handout via REUTER\nMOSCOW (Reuters) - Russia's Foreign Minister Sergei Lavrov accused Belarusian opposition members who left Belarus during recent protests of seeking \"bloodshed\", according to the RIA newsagency on Sunday.\nHe added that Belarusian opposition leader, Sviatlana Tsikhanouskaya, who left for Lithuania amid protests following a disputed election two weeks ago, had been \"pressured\" as she started to make more statements in English recently.\n(Reporting by Polina Ivanova and Tom Balmforth; Writing by Katya Golubkova; Editing by Raissa Kasolowsky)\nArticle type: metered","keywords":"","language":"en","isSafe":true,"datePublished":"2020-08-23T13:13:00","provider":{"name":"thestar"},"image":{"url":"https://apicms.thestar.com.my/uploads/images/2020/08/23/830639.JPG","height":450,"width":800,"thumbnail":"https://rapidapi.contextualwebsearch.com/api/thumbnail/get?value=3808208244543903670","thumbnailHeight":252,"thumbnailWidth":448,"base64Encoding":null,"name":null,"title":null,"imageWebSearchUrl":null}},{"id":"7090486404254487796","title":"Tbilisi Reacts to <b>Lavrovs</b> Interview  Civil.ge","url":"https://civil.ge/archives/363384","description":"Georgian officials and opposition politicians reacted with criticism to the Russian Foreign Ministers interview, in which Sergey <b>Lavrov</b> spoke of bilateral ties, prospects for the resumption","body":", and expressed full support towards Georgian Dreams policy towards Moscow.\nParliament Speaker Archil Talakvadze\nstated\nthat Georgia is not going to make any concessions at the expense of its own national interests.\nUnder principles of international law, the truth is on our side, our territories are occupied; so if Russia wants some sort of normalization, of course, it firstly has to fulfil the ceasefire agreement, withdraw its troops from the territory of our country, Talakvadze remarked.\nNoting that the Georgian choice lies in a peaceful and democratic development, he said: We are convinced that the wall of\nwill come down, just as the Berlin Wall has fallen.\nZurab Abashidze, Georgian Prime Ministers special representative for Russia,\nrecalled\nthat the diplomatic ties between Georgia and Russia were cut after the occupation of Georgian territories by Russia in 2008.\nThe situation in these regions is extremely grave, rapid militarization of Abkhazia and Tskhinvali region is under","keywords":"","language":"en","isSafe":true,"datePublished":"2020-08-21T18:07:14","provider":{"name":"civil"},"image":{"url":"","height":0,"width":0,"thumbnail":"","thumbnailHeight":0,"thumbnailWidth":0,"base64Encoding":"","name":null,"title":null,"imageWebSearchUrl":null}},{"id":"542507218487581529","title":"EU's Borrell Discusses Belarus, JCPOA With Russia's Foreign Minister <b>Lavrov</b>","url":"https://www.eurasiareview.com/21082020-eus-borrell-discusses-belarus-jcpoa-with-russias-foreign-minister-lavrov/","description":"The European Union's High Representative/Vice-President Josep Borrell spoke with the Foreign Minister of the Russian Federation, Sergey <b>Lavrov</b>, on","body":"Eurasia Review\nThe European Unions High Representative/Vice-President Josep Borrell spoke with the Foreign Minister of the Russian Federation, Sergey Lavrov, on Thursday regarding the situation in Belarus following the presidential elections of August 9.\nIn his capacity as coordinator of the JCPOA Joint Commission, the High Representative/Vice-President also spoke with Minister Lavrov about the recent US proposals at the UN Security Council.\nOn Belarus, the High Representative/Vice-President again expressed that the European Union considers that the recent Belarus elections were neither free nor fair, and that the EU therefore does not recognise the results.\nHigh Representative Borrell stressed that the situation in Belarus has the European Unions utmost attention, as reflected by the recent meetings of EU Foreign Ministers on August 14 and EU Heads of State or Government on August 19. Following the two phone calls between European Council President Charles Michel and Russian President","keywords":"","language":"en","isSafe":true,"datePublished":"2020-08-21T16:03:02","provider":{"name":"eurasiareview"},"image":{"url":"https://www.eurasiareview.com/wp-content/uploads/2018/09/c-157.jpg","height":510,"width":830,"thumbnail":"https://rapidapi.contextualwebsearch.com/api/thumbnail/get?value=3001723333897070484","thumbnailHeight":255,"thumbnailWidth":415,"base64Encoding":null,"name":null,"title":null,"imageWebSearchUrl":null}},{"id":"3009025853746713477","title":"<b>Lavrov</b>: We expect early resumption of negotiation process on Karabakh conflict settlement","url":"https://news.am/eng/news/598004.html","description":"Russia and its partners in the OSCE Minsk Group are working on the earliest possible resumption of negotiations...","body":"reported\n\"We are expecting early resumption of the negotiation process on the Nagorno-Karabakh settlement. We are working on this together with our partners in the OSCE Minsk Group,\" he said.\nLavrov noted that the July border conflict between Armenia and Azerbaijan was the second most widespread violation of the 1994 ceasefire agreement.\nThe minister pointed out that the Russian Foreign Ministry made active mediation efforts to resolve the conflict. \"The Russian co-chair of the OSCE Minsk Group on Nagorno-Karabakh Igor Popov has been in direct contact with the leadership of the foreign ministries of the two countries all this time. As a result, with active Russian mediation, a ceasefire has been reached since August 16, albeit not on the first attempt,\" he stressed.\n","keywords":"","language":"en","isSafe":true,"datePublished":"2020-08-21T08:38:50","provider":{"name":"news"},"image":{"url":"","height":0,"width":0,"thumbnail":"","thumbnailHeight":0,"thumbnailWidth":0,"base64Encoding":"","name":null,"title":null,"imageWebSearchUrl":null}},{"id":"802177514439133791","title":"<b>Lavrov</b>: Armenia's decision to revive checkpoint 15 km from Azeri pipelines caused border escalation","url":"http://www.panarmenian.net/eng/news/284266/","description":"<b>Lavrov</b> noted that the conflict in mid-July was the second large-scale violation of the 1994 ceasefire agreement.","body":"Lavrov: Armenia's decision to revive checkpoint 15 km from Azeri pipelines caused border escalation\nAugust 21, 2020 - 11:47 AMT\nPanARMENIAN.Net - The decision of the Armenian side to revive an old border checkpoint, located 15 km from the Azerbaijani export pipelines, caused an escalation on the Armenian-Azerbaijani border in July, Russian Foreign Minister Sergei Lavrov has said in an interview with\nTrud\nnewspaper.\nAccording to him, a complex of reasons led to the conflict, including \"overheating of the public space\" on both sides of the border.\n\"The geographical factor also served as a kind of trigger: the decision of the Armenian side to revive an old border checkpoint located 15 km from the Azerbaijani export pipelines caused anxiety among some, an unreasonable response from others and, a flywheel of confrontation with the most unpredictable consequences began as a result,\" Lavrov said.\nLavrov noted that the border conflict between Armenia and Azerbaijan in mid-July was the second l","keywords":"","language":"en","isSafe":true,"datePublished":"2020-08-21T07:47:25","provider":{"name":"panarmenian"},"image":{"url":"http://media.pn.am/media/issue/284/266/photo/339x226_thumb_photo_284266_20f204d4e.jpg","height":226,"width":339,"thumbnail":"https://rapidapi.contextualwebsearch.com/api/thumbnail/get?value=5096347660374941189","thumbnailHeight":62,"thumbnailWidth":94,"base64Encoding":null,"name":null,"title":null,"imageWebSearchUrl":null}},{"id":"2492101384941546122","title":"<b>Lavrov</b>, Pompeo discuss 7-state summit on Iran","url":"https://menafn.com/1100645726/Lavrov-Pompeo-discuss-7-state-summit-on-Iran","description":"Moscow, Aug 17 (IANS) Russian Foreign Minister Sergei <b>Lavrov</b> and US Secretary of State Mike Pompeo on Sunday discussed the proposal of Russian President Vladimir Putin to hold a seven-state summit on Iran.On Friday, Putin proposed holding an urgent online meeting of the heads of the five permanent members of the United Nations (UN) Security Council w","body":"Tweet on Twitter\n(MENAFN - IANS) Moscow, Aug 17 (IANS) Russian Foreign Minister Sergei Lavrov and US Secretary of State Mike Pompeo on Sunday discussed the proposal of Russian President Vladimir Putin to hold a seven-state summit on Iran.\nOn Friday, Putin proposed holding an urgent online meeting of the heads of the five permanent members of the United Nations (UN) Security Council with the participation of the leaders of Germany and Iran to discuss Iran and the Persian Gulf situation, Xinhua reported.\nDuring the phone call with Pompeo, Lavrov reaffirmed Russia's full support for UN Security Council Resolution 2231, which created the international legal basis for the implementation of the Iran nuclear deal, officially known as the Joint Comprehensive Plan of Action, the Russian Foreign Ministry said in a press release.\nLavrov stresse","keywords":"","language":"en","isSafe":true,"datePublished":"2020-08-16T16:01:10","provider":{"name":"menafn"},"image":{"url":"","height":0,"width":0,"thumbnail":"","thumbnailHeight":0,"thumbnailWidth":0,"base64Encoding":"","name":null,"title":null,"imageWebSearchUrl":null}},{"id":"1888223115095185125","title":"Pompeo says he warned <b>Lavrov</b> against offering bounties for US soldiers","url":"https://www.jpost.com/breaking-news/pompeo-says-he-warned-lavrov-against-offering-bounties-for-us-soldiers-638405","description":"Pompeo says he warned <b>Lavrov</b> against offering bounties for US soldiers\nBy\n\nAUGUST 13, 2020 00:04\nUS Secretary of State Mike Pompeo on Wednesday said he warned his Russian counterpart Sergei <b>Lavrov</b> that there would be \"an enormous price to pay\" if Moscow is offering bounties to kill US soldiers or other Western troops in Afghanistan.\nThe New York Times in June reported that a Russian military intelligence unit secretly offered bounties to Taliban-linked militants for killing coalition forces in Afghanistan  including American troops, citing U.S. intelligence officials.\nPresident Donald Trump said he was not told about the information because many U.S. intelligence officials doubted its veracity, although several U.S. and European sources contradicted his comments.\nIn an interview with Radio Free Europe/Radio Liberty, Pompeo declined to say whether he believed the intelligence was credible or if he thought Trump should have been briefed, but said Washington would not put up with such beh","body":"Pompeo says he warned Lavrov against offering bounties for US soldiers\nBy\n\nAUGUST 13, 2020 00:04\nUS Secretary of State Mike Pompeo on Wednesday said he warned his Russian counterpart Sergei Lavrov that there would be \"an enormous price to pay\" if Moscow is offering bounties to kill US soldiers or other Western troops in Afghanistan.\nThe New York Times in June reported that a Russian military intelligence unit secretly offered bounties to Taliban-linked militants for killing coalition forces in Afghanistan  including American troops, citing U.S. intelligence officials.\nPresident Donald Trump said he was not told about the information because many U.S. intelligence officials doubted its veracity, although several U.S. and European sources contradicted his comments.\nIn an interview with Radio Free Europe/Radio Liberty, Pompeo declined to say whether he believed the intelligence was credible or if he thought Trump should have been briefed, but said Washington would not put up with such beh","keywords":"","language":"en","isSafe":true,"datePublished":"2020-08-12T21:04:52","provider":{"name":"jpost"},"image":{"url":"https://www.jpost.com//HttpHandlers/ShowImage.ashx?id=370634&amp;w=822&amp;h=537","height":1256,"width":1796,"thumbnail":"https://rapidapi.contextualwebsearch.com/api/thumbnail/get?value=4072204534447825144","thumbnailHeight":176,"thumbnailWidth":251,"base64Encoding":null,"name":null,"title":null,"imageWebSearchUrl":null}},{"id":"4543422426464846278","title":"Pompeo Says He Warned <b>Lavrov</b> Over Bounties On U.S. Troops","url":"https://www.rferl.org/a/pompeo-says-he-warned-lavrov-over-bounties-on-u-s-troops/30780418.html","description":"U.S. Secretary of State Mike Pompeo said he told his Russian counterpart, Sergei <b>Lavrov</b>, that there would be an \"enormous price to pay\" if intelligence reports about Russia offering bounties to kill U.S. troops in Afghanistan were true. Pompeo was speaking to RFE/RL's Ray Furlong in Prague.","body":"The URL has been copied to your clipboard\nNo media source currently available\n0:00\n0:01:54\n0:00\nU.S. Secretary of State Mike Pompeo said he told his Russian counterpart, Sergei Lavrov, that there would be an \"enormous price to pay\" if intelligence reports about Russia offering bounties to kill U.S. troops in Afghanistan were true. Pompeo was speaking to RFE/RL's Ray Furlong in Prague.\nShare","keywords":"","language":"en","isSafe":true,"datePublished":"2020-08-12T18:15:00","provider":{"name":"rferl"},"image":{"url":"https://gdb.rferl.org/b5eaa317-64bd-4a7a-b855-7402aaf12f49_tv_w1200_r1.jpg","height":675,"width":1200,"thumbnail":"https://rapidapi.contextualwebsearch.com/api/thumbnail/get?value=1111698634618615267","thumbnailHeight":168,"thumbnailWidth":298,"base64Encoding":null,"name":null,"title":null,"imageWebSearchUrl":null}},{"id":"3722009810508574266","title":"Sources: Pompeo Warned Russia's <b>Lavrov</b> in July About","url":"https://www.onenewspage.com/n/Politics/1zlt8xeely/Sources-Pompeo-Warned-Russia-Lavrov-in-July.htm","description":"Secretary of State Mike Pompeo delivered a warning to Russian Foreign Minister Sergey <b>Lavrov</b> in July against..  Politics  One News Page: Friday, 7 August 2020","body":"Sources: Pompeo Warned Russia's Lavrov in July About Bounties\nFriday, 7 August 2020(\n2 hours ago\n)\nSecretary of State Mike Pompeo delivered a warning to Russian Foreign Minister Sergey Lavrov in July against Moscow paying Taliban-linked militants bounties to kill U.S. service members...","keywords":"","language":"en","isSafe":true,"datePublished":"2020-08-07T19:42:27","provider":{"name":"onenewspage"},"image":{"url":"https://cdn.newsserve.net/ONPglobe256.png","height":256,"width":256,"thumbnail":"https://rapidapi.contextualwebsearch.com/api/thumbnail/get?value=6187294181911490305","thumbnailHeight":256,"thumbnailWidth":256,"base64Encoding":null,"name":null,"title":null,"imageWebSearchUrl":null}},{"id":"2874308070614571400","title":"Pompeo Says He's Discussed 'All' Threats From Russia with <b>Lavrov</b>","url":"https://www.newsmax.com/us/pompeo-russia-lavrov-bounties/2020/07/30/id/979842","description":"Secretary of State Mike Pompeo said Thursday he has raised U.S. concerns of threats Russia poses to American interests throughout the world...","body":"A\n\nSecretary of State Mike Pompeo said Thursday he has raised U.S. concerns of threats Russia poses to American interests throughout the world, including in Syria, Afghanistan, Libya and Ukraine to his Russian counterpart Sergey Lavrov, but refused to be specific about any of them.\nI want to be very careful about whats public record and whats intelligence based, but yes, I can assure you and the American people each time Ive spoken with Foreign Minister Lavrov Ive raised all of the issues that put any American interests at risk, Pompeo said to New Jersey Sen. Robert Menendez during a foreign relations committee hearing\nWhether thats our soldiers on the ground in Syria, soldiers on the ground in Afghanistan, the activities that were taking place in Libya, the actions in Ukraine, each and every one of these that potentially threaten American interests are things that I raised in my conversations with Foreign Minister Lavrov and I speak with him with some frequency.\nThe remarks came in re","keywords":"","language":"en","isSafe":true,"datePublished":"2020-07-30T20:12:07","provider":{"name":"newsmax"},"image":{"url":"https://www.newsmax.com/CMSPages/GetFile.aspx?guid=9ba6b4fa-42f7-4486-a9cf-6d62fdabcf90&amp;SiteName=Newsmax","height":500,"width":600,"thumbnail":"https://rapidapi.contextualwebsearch.com/api/thumbnail/get?value=8336139770119263592","thumbnailHeight":187,"thumbnailWidth":224,"base64Encoding":null,"name":null,"title":null,"imageWebSearchUrl":null}},{"id":"3860809760842563449","title":"Russia: There's still hope for Iran nuclear deal","url":"https://www.israelnationalnews.com/News/Flash.aspx/508840","description":"Russia still believes there is hope of rescuing the nuclear deal with Iran, Foreign Minister Sergei <b>Lavrov</b> said Tuesday, according to AFP.\"We are convinced that there is still a chance to return the (Joint Comprehensive Plan of Action) into a stable situation,\" said <b>Lavrov</b> as he met with Iranian counterpart Mohammad Javad Zarif in Moscow.","body":" Av 1, 5780 , 22/07/20\nRussia: There's still hope for Iran nuclear deal\nRussia still believes there is hope of rescuing the nuclear deal with Iran, Foreign Minister Sergei Lavrov said Tuesday, according to AFP.\n\"We are convinced that there is still a chance to return the (Joint Comprehensive Plan of Action) into a stable situation,\" said Lavrov as he met with Iranian counterpart Mohammad Javad Zarif in Moscow.","keywords":"","language":"en","isSafe":true,"datePublished":"2020-07-21T23:07:00","provider":{"name":"israelnationalnews"},"image":{"url":"http://u.a7.org/pictures/799/799624.jpg","height":397,"width":667,"thumbnail":"https://rapidapi.contextualwebsearch.com/api/thumbnail/get?value=409283119936520401","thumbnailHeight":98,"thumbnailWidth":166,"base64Encoding":null,"name":null,"title":null,"imageWebSearchUrl":null}},{"id":"1640772969685723666","title":"Russia may have nudged China to speed up disengagement along the Line of Actual Control","url":"https://economictimes.indiatimes.com/news/defence/russia-may-have-nudged-china-to-speed-up-disengagement-along-the-line-of-actual-control/articleshow/77095169.cms","description":"On July 17, foreign minister Sergey <b>Lavrov</b> had a telephone conversation with state councillor and foreign minister of the Peoples Republic of China Wang Yi, the Russian foreign ministry said in a statement.","body":"Comment\nSynopsis\nOn July 17, foreign minister Sergey Lavrov had a telephone conversation with state councillor and foreign minister of the Peoples Republic of China Wang Yi, the Russian foreign ministry said in a statement.\nOn July 17, foreign minister Sergey Lavrov had a telephone conversation with state councillor and foreign minister of the Peoples Republic of China Wang Yi, the Russian foreign ministry said in a statement.\nNEW DELHI: Russiais believed to have nudged China to expedite the ongoing disengagement along the Line of Actual Control(LAC) in Ladakh.\nThe current situation along the LAC and stability in the region is understood to have figured when Russian foreign minister Sergey Lavrovheld telephonic conversationwith his Chinese counterpart Wang Yi last week, ET has reliably gathered. It has been further learnt that Lavrov and Wang discussed how to settle global issues exclusively through dialogue.\nOn July 17, foreign minister Sergey Lavrov had a telephon","keywords":"","language":"en","isSafe":false,"datePublished":"2020-07-21T18:33:56","provider":{"name":"indiatimes"},"image":{"url":"https://img.etimg.com/thumb/msid-77095534,width-1070,height-580,imgsize-80159,overlay-etdefence/photo.jpg","height":580,"width":1070,"thumbnail":"https://rapidapi.contextualwebsearch.com/api/thumbnail/get?value=8940387814052680204","thumbnailHeight":217,"thumbnailWidth":400,"base64Encoding":null,"name":null,"title":null,"imageWebSearchUrl":null}},{"id":"5083709036051474894","title":"Mike Pompeo dials his Russian counterpart Sergei <b>Lavrov</b>, discusses five-power summit","url":"http://economictimes.com/news/international/world-news/mike-pompeo-dials-his-russian-counterpart-sergei-lavrov-discusses-five-power-summit/videoshow/76951658.cms","description":"The United States said Monday that it spoke with Russia about convening a summit of the five permanent members of the UN Security Council, a key priority for President Vladimir Putin. In a telephone call, US Secretary of State Mike Pompeo and Russian Foreign Minister Sergei <b>Lavrov</b> \"discussed convening P5 leaders in the near future to commemorate the 75th anniversary of the founding of the United Nations,\" the State Department said.","body":"Copy URL\nEmbed\n\nThe United States said Monday that it spoke with Russia about convening a summit of the five permanent members of the UN Security Council, a key priority for President Vladimir Putin. In a telephone call, US Secretary of State Mike Pompeo and Russian Foreign Minister Sergei Lavrov \"discussed convening P5 leaders in the near future to commemorate the 75th anniversary of the founding of the United Nations,\" the State Department said.","keywords":"","language":"en","isSafe":true,"datePublished":"2020-07-14T03:21:00","provider":{"name":"economictimes"},"image":{"url":"https://img.etimg.com/thumb/msid-76951658,width-1070,height-580,overlay-economictimes/photo.jpg","height":580,"width":1070,"thumbnail":"https://rapidapi.contextualwebsearch.com/api/thumbnail/get?value=4633292567326779421","thumbnailHeight":217,"thumbnailWidth":400,"base64Encoding":null,"name":null,"title":null,"imageWebSearchUrl":null}},{"id":"6768828290408211172","title":"Pompeo spoke with Russia's <b>Lavrov</b> about Afghanistan -U.S. State Dept","url":"https://nationalpost.com/pmn/news-pmn/pompeo-spoke-with-russias-lavrov-about-afghanistan-u-s-state-dept","description":"WASHINGTON  U.S. Secretary of State Mike Pompeo discussed the situation in Afghanistan with Russian Foreign Minister Sergei <b>Lavrov</b> on Monday, the U.S. State Department said, following media reports Russia offered money to militants to kill Americans in Afghanistan. The Trump administration has downplayed the reports, saying U.S. agencies have not corroborated intelligence that Russia []","body":"Tumblr\nPosted Newsletter\nSign up to receive the daily top stories from the National Post, a division of Postmedia Network Inc.\nEmail Address\nThere was an error, please provide a valid email address.\nBy clicking on the sign up button you consent to receive the above newsletter from Postmedia Network Inc. You may unsubscribe any time by clicking on the unsubscribe link at the bottom of our emails. Postmedia Network Inc. | 365 Bloor Street East, Toronto, Ontario, M4W 3L4 | 416-383-2300\nThanks for signing up!\nA welcome email is on its way. If you don't see it please check your junk folder.\nThe next issue of Posted Newsletter will soon be in your inbox.\nWe encountered an issue signing you up. Please try again\nTrending","keywords":"","language":"en","isSafe":true,"datePublished":"2020-07-13T23:33:26","provider":{"name":"nationalpost"},"image":{"url":"","height":0,"width":0,"thumbnail":"","thumbnailHeight":0,"thumbnailWidth":0,"base64Encoding":"","name":null,"title":null,"imageWebSearchUrl":null}},{"id":"8164398217444767624","title":"Possible use of NATO aircraft to traffic Afghan drugs needs to be investigated","url":"https://thefrontierpost.com/possible-use-of-nato-aircraft-to-traffic-afghan-drugs-needs-to-be-investigated-lavrov/","description":"MOSCOW (TASS): Russia insists that reports about possible use of NATO aircraft to traffic drugs in Afghanistan be probed into, Russian Foreign Minister Sergey <b>Lavrov</b> said on Friday. We keep on receiving reports, including via mass media, that contraband of opiates has been organized from Afghanistan to other countries, including to Europe, with the use","body":"/\nJuly 10, 2020\nMOSCOW (TASS): Russia insists that reports about possible use of NATO aircraft to traffic drugs in Afghanistan be probed into, Russian Foreign Minister Sergey Lavrov said on Friday.\nWe keep on receiving reports, including via mass media, that contraband of opiates has been organized from Afghanistan to other countries, including to Europe, with the use of military aircraft of the NATO coalition, he said during the Primakov Readings international online forum.\nWe cannot verify these reports 100% but such reports are coming too regularly to be ignored. If military aircraft were used over Afghanistan, they could have been only NATOs aircraft and such flights could have been performed only by the military or special services. Naturally, such information needs to be probed into, first of all in the United States, ","keywords":"","language":"en","isSafe":true,"datePublished":"2020-07-10T18:46:49","provider":{"name":"thefrontierpost"},"image":{"url":"https://i0.wp.com/thefrontierpost.com/wp-content/uploads/2020/07/1275005.jpg?fit=1020%2C650&#038;ssl=1","height":650,"width":1020,"thumbnail":"https://rapidapi.contextualwebsearch.com/api/thumbnail/get?value=8778021042254956459","thumbnailHeight":243,"thumbnailWidth":381,"base64Encoding":null,"name":null,"title":null,"imageWebSearchUrl":null}},{"id":"2422277023475649596","title":"Sergey <b>Lavrov</b>: Domestic U.S. politics causing 'unscrupulous speculation' of Moscow","url":"https://www.washingtontimes.com/news/2020/jul/10/sergey-lavrov-domestic-us-politics-causing-unscrup/?utm_source=RSS_Feed&utm_medium=RSS","description":"Russian Foreign Minister Sergey <b>Lavrov</b> said Friday that domestic politics within the U.S. is fueling reports that Moscow had offered bounties to Taliban soldiers to kill American troops in Afghanistan.","body":"'You will not prevail': Top conservatives take on 'ignorant mob' in defense of America\nGen. Mark A. Milley, chairman of the Joint Chiefs of Staff, said Thursday that the U.S. may not be doing enough to deter Russian aggression, but there is a distinction between arming and directing.\nThe four-star general said that while there is not enough direct evidence to prove that a Russian bounty program is causing U.S. casualties, we are still looking. Were not done. Were going to run this thing to the ground.\nSign up for Daily Newsletters\nCopyright  2020 The Washington Times, LLC.                                                     Click                             here for reprint permission\nPlease read   our comment policybefore commenting.\n\nClick to Read More                   and View Comments\nClick to Hide","keywords":"","language":"en","isSafe":true,"datePublished":"2020-07-10T13:03:00","provider":{"name":"washingtontimes"},"image":{"url":"https://twt-thumbs.washtimes.com/media/image/2020/06/23/serbia_russia_00445_c0-260-3030-2027_s1200x700.jpg?093086a11fe458597676f9c40e92f70b0e295812","height":700,"width":1200,"thumbnail":"https://rapidapi.contextualwebsearch.com/api/thumbnail/get?value=1819601855244397217","thumbnailHeight":262,"thumbnailWidth":449,"base64Encoding":null,"name":null,"title":null,"imageWebSearchUrl":null}},{"id":"8345353186116155650","title":"Hillary Clinton in Finland ahead of <b>Lavrov</b> meeting","url":"https://mobile.reuters.com/video/watch/hillary-clinton-in-finland-ahead-of-lavr-id41930099","description":"June 27 - U.S. Secretary of State Hillary Clinton arrives in Finalnd on first day of her three nation tour, that will see her meet with Russian Foreign Minister Sergei <b>Lavrov</b> on Friday (June 29). Rough Cut (no reporter narration).","body":"Hillary Clinton in Finland ahead of Lavrov meeting\nPosted\nJune 27 - U.S. Secretary of State Hillary Clinton arrives in Finalnd on first day of her three nation tour, that will see her meet with Russian Foreign Minister Sergei Lavrov on Friday (June 29). Rough Cut (no reporter narration).\nFeatured","keywords":"","language":"en","isSafe":true,"datePublished":"2020-06-29T05:00:00","provider":{"name":"reuters"},"image":{"url":"","height":0,"width":0,"thumbnail":"","thumbnailHeight":0,"thumbnailWidth":0,"base64Encoding":"","name":null,"title":null,"imageWebSearchUrl":null}},{"id":"2628646459508591783","title":"India, China need no help, says <b>Lavrov</b>","url":"https://www.thehindu.com/todays-paper/india-china-need-no-help-says-lavrov/article31901998.ece","description":"International law should be respected: Jaishankar","body":"June 24, 2020 00:00 IST\nUpdated:\nJune 24, 2020 04:10 IST\nInternational law should be respected: Jaishankar\nRussia has appreciated India and China for not resorting to non-diplomatic language during the tension at the Line of Actual Control near Ladakh.\nRussian Foreign Minister Sergey Lavrov said at the Russia-India-China Foreign Minister-level virtual interaction on Tuesday that both countries were capable of solving the crisis without escalation. The discussions among Mr. Lavrov and his Indian and Chinese counterparts backed an upgrade of the group to include inter-ministerial meetings covering defence, health, culture and technology.\nNew Delhi and Beijing have shown commitment to peaceful resolution after they initiated contacts between military officers and Foreign Ministers. Neither side has made any statement regarding finding non-diplomatic solution... I dont see any reason for Russia or anyone else to impose its services to help India and China, he said.\nSubscribe to The Hindu d","keywords":"","language":"en","isSafe":true,"datePublished":"2020-06-23T18:30:00","provider":{"name":"thehindu"},"image":{"url":"https://www.thehindu.com/static/theme/default/base/img/og-image.jpg","height":300,"width":300,"thumbnail":"https://rapidapi.contextualwebsearch.com/api/thumbnail/get?value=2962870979801333382","thumbnailHeight":300,"thumbnailWidth":300,"base64Encoding":null,"name":null,"title":null,"imageWebSearchUrl":null}},{"id":"8683513582569097471","title":"Qureshi, <b>Lavrov</b> discuss Afghan peace, coronavirus","url":"https://www.thenews.com.pk/print/674525-qureshi-lavrov-discuss-afghan-peace-coronavirus","description":"ISLAMABAD: Foreign Minister Shah Mehmood Qureshi on Thursday held a telephonic conversation with his Russian counterpart Sergey <b>Lavrov</b> to discuss a range of issues -- including the situation in...","body":"Qureshi, Lavrov discuss Afghan peace, coronavirus\nTop Story\nAPP\nJune 19, 2020\nISLAMABAD: Foreign Minister Shah Mehmood Qureshi on Thursday held a telephonic conversation with his Russian counterpart Sergey Lavrov to discuss a range of issues -- including the situation in Afghanistan in the context of recent positive developments and the current Covid-19 outbreak and its ramifications on the region.\nDuring the conversation, Qureshi reaffirmed Pakistans support for an Afghan-led and Afghan-owned peace process and underlined Pakistans positive contribution to the US-Taliban peace agreement, a Foreign Office statement said. He stressed the importance of inclusive intra-Afghan negotiations as the only way to build durable peace and security in the country.\nThe two foreign ministers agreed on maintaining close consultations as part of regional efforts to support the Afghan peace process, besides remaining in close contact to take forward the important bilateral agenda and close cooperation ","keywords":"","language":"en","isSafe":true,"datePublished":"2020-06-19T01:00:00","provider":{"name":"thenews"},"image":{"url":"https://www.thenews.com.pk/assets/front/img/no-img-fb.jpg","height":315,"width":600,"thumbnail":"https://rapidapi.contextualwebsearch.com/api/thumbnail/get?value=3254955348851766111","thumbnailHeight":236,"thumbnailWidth":449,"base64Encoding":null,"name":null,"title":null,"imageWebSearchUrl":null}},{"id":"4093077548622588152","title":"Pakistan keen to forge long-term partnership with Russia: Qureshi to <b>Lavrov</b>  Kashmir Reader","url":"https://kashmirreader.com/2020/06/18/pakistan-keen-to-forge-long-term-partnership-with-russia-qureshi-to-lavrov/","description":"Islamabad: Pakistan Foreign Minister Shah Mahmood Qureshi on Thursday called his Russian counterpart Sergey <b>Lavrov</b> and expressed Islamabad's desire to forge a long-term and multi-dimensional partnership with Moscow as the two leaders discussed matters like COVID-19 pandemic and the Afghan peace process.\n\nDuring their telephonic conversation, Qureshi offered condolences on the loss of precious lives in Russia due to the COVID-19","body":"Print This Post\nIslamabad:\nPakistan Foreign Minister Shah Mahmood Qureshi on Thursday called his Russian counterpart Sergey Lavrov and expressed Islamabads desire to forge a long-term and multi-dimensional partnership with Moscow as the two leaders discussed matters like COVID-19 pandemic and the Afghan peace process.\nDuring their telephonic conversation, Qureshi offered condolences on the loss of precious lives in Russia due to the COVID-19 pandemic.\nRussia, currently the third worst-hit country from COVID-19, has reported 561,091 confirmed cases. The countrys death toll stands at 7,660,\nMatters of mutual interest, including the COVID-19 pandemic, cooperation at the multilateral fora, prospects of enhanced bilateral cooperation, and regional issues were","keywords":"","language":"en","isSafe":true,"datePublished":"2020-06-18T13:06:29","provider":{"name":"kashmirreader"},"image":{"url":"https://kashmirreader.com/wp-content/uploads/2020/06/download-2.jpg","height":168,"width":300,"thumbnail":"https://rapidapi.contextualwebsearch.com/api/thumbnail/get?value=1268920314145534115","thumbnailHeight":168,"thumbnailWidth":300,"base64Encoding":null,"name":null,"title":null,"imageWebSearchUrl":null}},{"id":"6317445135382422782","title":"Russia Relations Move Forward","url":"https://defence.pk/pdf/threads/pakistan-russia-relations-move-forward.671828/","description":"Pakistan, Russia agree to take forward bilateral agenda\n\nPakistan and Russia have agreed to take forward the important bilateral agenda and close...","body":"-0\nPakistan, Russia agree to take forward bilateral agenda\nPakistan and Russia have agreed to take forward the important bilateral agenda and close cooperation in the regional context.\nIn a telephonic conversation with Russian counterpart Sergey Lavrov, Foreign Minister Shah Mahmood Qureshi underlined that Pakistan considers Russia an important partner and desires to\nforge a long-term and multi-dimensional partnership\nwith Russia.\nThe two Foreign Minister discussed matters of mutual interest, including the COVID-19 pandemic, cooperation at the multilateral fora, prospects of enhanced bilateral cooperation, and\nregional issues were discussed\n.\nShah Mahmood Qureshi offered condolences on the loss of precious lives in Russia due to the COVID-19 pandemic.\nThe Foreign Minister apprised his Russian counterpart of Prime Minister Imran Khan's call for \"Global Initiative on Debt Relief\" for developing countries.\nHe said coordinated and comprehensive actions are essential to create fiscal space ","keywords":"","language":"en","isSafe":true,"datePublished":"2020-06-18T09:10:18","provider":{"name":"defence"},"image":{"url":"","height":0,"width":0,"thumbnail":"","thumbnailHeight":0,"thumbnailWidth":0,"base64Encoding":"","name":null,"title":null,"imageWebSearchUrl":null}},{"id":"8231368739023565880","title":"Russia would welcome US efforts to end Libyan conflict: Russian FM <b>Lavrov</b>","url":"https://nation.com.pk/17-Jun-2020/russia-would-welcome-us-efforts-to-end-libyan-conflict-russian-fm-lavrov","description":"Russia would welcome if the US used its influence in Libya to support efforts on achieving cease-fire, Russian Foreign Minister Sergey <b>Lavrov</b> said on Wednesday. Asked","body":"Anadolu\n10:13 PM | June 17, 2020\nRussia would welcome if the US used its influence in Libya to support efforts on achieving cease-fire, Russian Foreign Minister Sergey Lavrov said on Wednesday.\nAsked how Moscow considers Turkish Foreign Minister Mevlut Cavusoglu's statement that the US needs to play a more active role in resolving the Libyan crisis, Lavrov said: \"Any constructive assistance can only be welcomed\".\nLavrov found it difficult to suggest what steps the US could undertake to contribute to the Libyan settlement, but recalled that the US participated in the Berlin conference, and supported a Security Council resolution that approved the decision of the Berlin conference.\n\"If the US can use its influence in the Libyan conflict to support the efforts of Russia and other external players who are in favor of an immediate cease-fire, I think it would be very, very positive,\" he said.\nLast week, Turkish Foreign Minister Mevlut Cavusoglu said the US is not very active in Libya and su","keywords":"","language":"en","isSafe":true,"datePublished":"2020-06-17T23:14:19","provider":{"name":"nation"},"image":{"url":"https://nation.com.pk/digital_images/large/2020-06-17/russia-would-welcome-us-efforts-to-end-libyan-conflict-russian-fm-lavrov-1592413956-6894.jpg","height":480,"width":800,"thumbnail":"https://rapidapi.contextualwebsearch.com/api/thumbnail/get?value=3866089019280018157","thumbnailHeight":180,"thumbnailWidth":300,"base64Encoding":null,"name":null,"title":null,"imageWebSearchUrl":null}},{"id":"598319180044434973","title":"Russia: High Representative Josep Borrell spoke with Foreign Minister Sergey <b>Lavrov</b>","url":"https://www.marketscreener.com/news/Russia-High-Representative-Josep-Borrell-spoke-with-Foreign-Minister-Sergey-Lavrov--30779635/?utm_medium=RSS&utm_content=20200616","description":"High Representative/Vice-President Josep Borrell held a video conference with the Foreign Minister of the Russian Federation, Sergey <b>Lavrov</b> on Tuesday 16 June. They discussed EU-Russia...","body":"Become a member for free\nSign up","keywords":"","language":"en","isSafe":true,"datePublished":"2020-06-16T17:08:06","provider":{"name":"marketscreener"},"image":{"url":"https://www.marketscreener.com/images/twitter_MS_fdgris.png","height":531,"width":799,"thumbnail":"https://rapidapi.contextualwebsearch.com/api/thumbnail/get?value=2389471054358050760","thumbnailHeight":398,"thumbnailWidth":598,"base64Encoding":null,"name":null,"title":null,"imageWebSearchUrl":null}},{"id":"8945003841694316733","title":"Russia says it scales down war games amid pandemic","url":"https://www.mymotherlode.com/news/health-news/1063629/russia-says-it-scales-down-war-games-amid-pandemic.html","description":"MOSCOW  Russia's foreign minister said Tuesday that Moscow has scaled down its military drills amid the coronavirus pandemic.Sergey <b>Lavrov</b> said that the","body":"May 19, 2020 09:07 am\nRussia says it scales down war games amid pandemic\nView Photo\nMOSCOW  Russias foreign minister said Tuesday that Moscow has scaled down its military drills amid the coronavirus pandemic.\nSergey Lavrov said that the Russian military also has decided not to conduct any war games near the countrys borders with NATO member nations during the outbreak.\nRussia-West relations have sunk to post-Cold War lows after the 2014 Russian annexation of Ukraines Crimean Peninsula and Moscows support for a separatist insurgency in eastern Ukraine.\nMoscow has repeatedly voiced concern over the deployment of NATO forces in the Baltics, describing it as a threat to its security. Russia and the alliance also have blamed one another for conducting destabilizing military exercises near the borders.\nOther Health News","keywords":"","language":"en","isSafe":true,"datePublished":"2020-05-19T16:07:19","provider":{"name":"mymotherlode"},"image":{"url":"https://www.mymotherlode.com/wp-content/uploads/2020/05/kycSrK-scaled.jpg","height":1683,"width":2560,"thumbnail":"https://rapidapi.contextualwebsearch.com/api/thumbnail/get?value=557096226172553947","thumbnailHeight":157,"thumbnailWidth":238,"base64Encoding":null,"name":null,"title":null,"imageWebSearchUrl":null}},{"id":"3228195118420969198","title":"Moscow Says No Proof Russian Hackers Spied on Merkel","url":"https://www.themoscowtimes.com/2020/05/15/moscow-says-no-proof-russian-hackers-spied-on-merkel-a70285","description":"\"Five years have passed. Not a single concrete fact has been provided,\" Foreign Minister <b>Lavrov</b> said.","body":"Speaking in parliament on Wednesday, Merkel voiced frustration that Russia was targeting her in hacking attacks as she tried to build a better relationship with Moscow.\nShe said she had concrete proof of the \"outrageous\" spying attempts.\nLavrov charged that Berlin had decided Moscow was guilty even though \"there are no facts in relation to Russia.\"\nGerman media reported that data from Merkel's email account was among information copied by hackers in 2015 in an attack that also targeted the Bundestag.\nReports in German media have named the suspect as Dmitry Badin, who is also wanted by the FBI for other cyberattacks, including those targeting the Democrats during the 2016 US presidential election.\nMerkel raised the specter of new sanctions against Russia if the rogue activity did not stop, adding that he attacks \"pained\" her.\nRead more about:","keywords":"","language":"en","isSafe":true,"datePublished":"2020-05-15T11:22:41","provider":{"name":"themoscowtimes"},"image":{"url":"https://static.themoscowtimes.com/image/1360/88/9307205608k-2.jpg","height":765,"width":1360,"thumbnail":"https://rapidapi.contextualwebsearch.com/api/thumbnail/get?value=7582178511889413566","thumbnailHeight":191,"thumbnailWidth":339,"base64Encoding":null,"name":null,"title":null,"imageWebSearchUrl":null}},{"id":"2209383870011005443","title":"No proof Russian hackers targeted Merkel, says Russia's <b>Lavrov</b>","url":"http://france24.com/en/20200515-no-proof-russian-hackers-targeted-merkel-says-russia-s-lavrov","description":"Russian Foreign Minister Sergei <b>Lavrov</b> on Friday rejected allegations by German Chancellor Angela Merkel that Russian hackers had spied on her.","body":"May 13, 2020\nLavrov charged that Berlin had decided Moscow was guilty even though \"there are no facts in relation to Russia\".\n\"They suddenly said in the Bundestag... that all of this is outrageous and it had been done by Russians.\"\nGerman\nmedia reported that data from Merkel's email account was among information copied by hackers in 2015 in an attack that also targeted the Bundestag.\nReports in German media have named the suspect as Dmitry Badin, who is also wanted by the FBI for other cyberattacks, including those targeting the Democrats during the\n2016 US presidential election\n.\nMerkel raised the spectre of new sanctions against Russia if the rogue activity did not stop, adding that the attacks \"pained\" her.\n(AFP)","keywords":"","language":"en","isSafe":true,"datePublished":"2020-05-15T10:51:10","provider":{"name":"france24"},"image":{"url":"https://s.france24.com/media/display/4e5dd0c2-9698-11ea-8add-005056a964fe/w:1240/p:16x9/Merkel Putin 2020.jpg","height":698,"width":1240,"thumbnail":"https://rapidapi.contextualwebsearch.com/api/thumbnail/get?value=7822879906493422393","thumbnailHeight":43,"thumbnailWidth":76,"base64Encoding":null,"name":null,"title":null,"imageWebSearchUrl":null}},{"id":"1100932527139175488","title":"Reuters: Russia's <b>Lavrov</b>, UK's Raab agree on need to improve cooperation","url":"https://www.kyivpost.com/russia/reuters-russias-lavrov-uks-raab-agree-on-need-to-improve-cooperation.html","description":"Russian Foreign Minister Sergei <b>Lavrov</b> and his British counterpart Dominic Raab discussed relations between Moscow and London and voiced intention to improve cooperations, the Russian foreign ministry said on Wednesday. Read more here. Subscribe to Kyiv Post Ukraine Digest Subscribe Please, fill in the Email field","body":"We use cookies to ensure that we give you the best experience on our website.\nWe dont share any information about you with third parties and we never will.\nThis data stays with the Kyiv Post and helps independent journalism.\nWithout cookies, you will see a limited version of the website.","keywords":"","language":"en","isSafe":true,"datePublished":"2020-05-06T18:11:34","provider":{"name":"kyivpost"},"image":{"url":"https://www.kyivpost.com/wp-content/uploads/2019/09/000_1KQ2YR.jpg","height":708,"width":1024,"thumbnail":"https://rapidapi.contextualwebsearch.com/api/thumbnail/get?value=3087836876002570524","thumbnailHeight":265,"thumbnailWidth":383,"base64Encoding":null,"name":null,"title":null,"imageWebSearchUrl":null}},{"id":"5211205411442385280","title":"<b>Lavrov</b> stirs the pot in Armenia and Azerbaijan","url":"http://eurasianet.org/lavrov-stirs-the-pot-in-armenia-and-azerbaijan","description":"With some blunt remarks this week, Russias top diplomat has managed to put his counterparts in both Armenia and Azerbaijan on the defensive, with the latter apparently under threat of losing his job.","body":"You can search using keywords to narrow down the list.\nArmenia           Azerbaijan           Nagorno Karabakh           Russia\nCaucasus\nLavrov stirs the pot in Armenia and Azerbaijan\nSome hard talk from the Russian foreign minister has led to recriminations in Yerevan and the prospect of Azerbaijans foreign minister getting sacked.\nJoshua Kucera\nApr 24, 2020\nRussian Foreign Minister Sergey Lavrov speaks April 21 at a forum in which he discussed, to some controversy, the Nagorno-Karabakh conflict. (photo: mid.ru)\nWith some blunt remarks, Russias top diplomat has managed to put his counterparts in both Armenia and Azerbaijan on the defensive, with the latter apparently under threat of losing his job.\nThe week-long (and counting) controversy began when Foreign Minister Sergey Lavrov spoke at a public forum in Moscow on April 21. It was the morning before his counterparts from Armenia and Azerbaijan held a videoconferenceas part of the two countries negotiations to resolve their con","keywords":"","language":"en","isSafe":true,"datePublished":"2020-04-24T00:00:00","provider":{"name":"eurasianet"},"image":{"url":"","height":0,"width":0,"thumbnail":"","thumbnailHeight":0,"thumbnailWidth":0,"base64Encoding":"","name":null,"title":null,"imageWebSearchUrl":null}},{"id":"7689124920384790282","title":"Top US and Russian diplomats discuss arms control","url":"https://www.herald-dispatch.com/ap/ap_nation/top-us-and-russian-diplomats-discuss-arms-control/article_34bfc0cc-a955-500b-b2a4-a88077000206.html","description":"MOSCOW (AP)  U.S. Secretary of State Mike Pompeo and Russian Foreign Minister Sergey <b>Lavrov</b> discussed arms control and other issues Friday as Moscow has signaled readiness to include some","body":"Save\nMOSCOW (AP)  U.S. Secretary of State Mike Pompeo and Russian Foreign Minister Sergey Lavrov discussed arms control and other issues Friday as Moscow has signaled readiness to include some of its latest nuclear weapons in the last remaining arms control pact between the two countries if Washington accepts the Kremlin's offer to extend it.\nThe State Department said the two top diplomats discussed the next steps in the bilateral strategic security dialogue. Pompeo emphasized that any future arms control talks must be based on U.S. President Donald Trumps vision for a trilateral arms control agreement that includes China along with the U.S. and Russia, the State Department said.\nRussian President Vladimir Putin has offered to extend the New START arms control treaty that expires in February 2021. The Trump administration has pushed for a new pact that would include China as a signatory. Moscow has described that goal as unrealistic given Beijing's reluctance to discuss any deal that w","keywords":"","language":"en","isSafe":true,"datePublished":"2020-04-17T19:09:02","provider":{"name":"herald-dispatch"},"image":{"url":"https://bloximages.newyork1.vip.townnews.com/herald-dispatch.com/content/tncms/assets/v3/editorial/7/32/7325d50a-89ff-5266-94f0-effe382d9953/5e99fccd2cc6f.image.jpg?resize=1093%2C630","height":630,"width":1093,"thumbnail":"https://rapidapi.contextualwebsearch.com/api/thumbnail/get?value=2955725393918408836","thumbnailHeight":235,"thumbnailWidth":409,"base64Encoding":null,"name":null,"title":null,"imageWebSearchUrl":null}},{"id":"5758532461237560812","title":"Russia defends ally China over demands for coronavirus reparations  The Sun Nigeria","url":"https://www.sunnewsonline.com/russia-defends-ally-china-over-demands-for-coronavirus-reparations/","description":"Russias Foreign Minister Sergei <b>Lavrov</b> on Tuesday defended ally China over demands in the West that Beijing should pay reparations","body":"Share on Twitter\nRussias Foreign Minister Sergei Lavrov on Tuesday defended ally China over demands in the West that Beijing should pay reparations for the coronavirus pandemic.\nSuch demands are completely unacceptable, my hair stands on end when I hear something like this, Lavrov told newsmen via a video conference.\nU.S. President Donald Trump has described the novel coronavirus as the Chinese virus and has threatened to withdraw funding from the World Health Organisation (WHO), which he has called China-centric.\nMedia reports have cited some U.S. and British officials as having raised the idea of demanding reparations from China.\nLavrov, Russias top diplomat, warned against using the crisis for political purposes, saying countries should work together for the common good.\nIts a calamity that affects everyone, and we can only fight it together, Lavrov said.\nLavrov defended the WHOs response to the pandemic as effective, saying the organisation has undertaken sufficient efforts to comb","keywords":"","language":"en","isSafe":true,"datePublished":"2020-04-14T15:52:57","provider":{"name":"sunnewsonline"},"image":{"url":"https://sunnewsonline.com/wp-content/uploads/2020/04/g.jpeg","height":183,"width":275,"thumbnail":"https://rapidapi.contextualwebsearch.com/api/thumbnail/get?value=4393746044751751480","thumbnailHeight":183,"thumbnailWidth":275,"base64Encoding":null,"name":null,"title":null,"imageWebSearchUrl":null}},{"id":"8079462443810637536","title":"Russia ready for hypersonic missile talks with US, says <b>Lavrov</b>","url":"http://aljazeera.com/news/2020/04/russia-ready-hypersonic-missile-talks-lavrov-200414140143230.html","description":"Both countries are developing hypersonic missiles, which fly several times speed of sound and can be steered in flight.","body":"In August 2019, the USpulled out of a landmark strategic arms accord, the Intermediate-Range Nuclear Forces Treaty (INF), citing\nRussia\nBoth countries are developing hypersonic missiles to expand their defence capabilities, with\nRussia\nn President Vladimir Putinoverseeing a test in Crimeain early January.\nSuch missiles, which fly several times the speed of sound and can be steered in flight, are harder to stop than other generations of weapons. Some experts fear their deployment could trigger a new nuclear armsrace.\nLavrov said he wanted to speak to US Secretary of State Mike Pompeo again after receiving a call from him a couple of days ago during which he said Pompeo touched on resuming talks on arms control and strategic stability.\n\"We welcome such interest from our American partners because we have encouraged them to address these problems more actively for a long time,\" Lavrov said.\n\"We are open to talks about new promising developments, including hypersonic weapons in the context ","keywords":"","language":"en","isSafe":true,"datePublished":"2020-04-14T14:34:00","provider":{"name":"aljazeera"},"image":{"url":"https://www.aljazeera.com/mritems/Images/2019/12/27/c2179da083d4403ab126e7b9ce51f57a_18.jpg","height":561,"width":1000,"thumbnail":"https://rapidapi.contextualwebsearch.com/api/thumbnail/get?value=3830515558540957064","thumbnailHeight":210,"thumbnailWidth":374,"base64Encoding":null,"name":null,"title":null,"imageWebSearchUrl":null}},{"id":"6852171575610943258","title":"Israel protests meeting between Russia and Islamic Jihad","url":"https://www.upi.com/Top_News/World-News/2020/03/12/Israel-protests-meeting-between-Russia-and-Islamic-Jihad/3221584016767/","description":"Israeli officials filed an official complaint with Russia on Thursday after Russian Foreign Minister Sergei <b>Lavrov</b> met with representatives from the Palestinian Islamic Jihad Wednesday night.","body":"'s Middle East peace plan.\nAl-Nakhala said he found\nto be \"positive\" and \"profound.\" Both expressed disapproval of Trump's peace plan.\nRussia's foreign ministry said the\nconversation focused\non \"the task of speedy restoration of Palestinian national unity on the political platform of the Palestinian Liberation Organization as a necessary condition for establishing sustainable direct negotiations with Israel.\"\nIsrael's interim Ambassador in Russia Eli Belocerkovsky complained, though, the Islamic Jihad is a violent group that wished to deny Israel is right as a country.\n\"[The Palestinian Islamic Jihad is a] terrorist organization supported by Iran that does not recognize Israel's right to exist and systematically undermines arrangements in the\nGaza\nStrip by attacking Israeli civilians,\" Belocerkovsky said.\nRussia said that it continued to stand 'behind the United Nations' longstanding position of a two-state solution between Israel and Palestinians according to past U.N. Security Counci","keywords":"","language":"en","isSafe":true,"datePublished":"2020-03-12T14:21:06","provider":{"name":"upi"},"image":{"url":"https://cdnph.upi.com/sv/ph/og/upi/3221584016767/2020/1/164bac1c76b3b5424ee942da77df9196/v1.5/Israel-protests-meeting-between-Russia-and-Islamic-Jihad.jpg","height":529,"width":800,"thumbnail":"https://rapidapi.contextualwebsearch.com/api/thumbnail/get?value=4306217750808667496","thumbnailHeight":264,"thumbnailWidth":399,"base64Encoding":null,"name":null,"title":null,"imageWebSearchUrl":null}},{"id":"2540790077471349869","title":"HELSINKI  Moscow hits at Turkey  EURACTIV.com","url":"https://www.euractiv.com/section/all/short_news/helsinki-moscow-hits-at-turkey/","description":"Russia has absolutely no intention to stop its military operation in Syria until the adversary is defeated, stated Russias Foreign Minister Sergei <b>Lavrov</b> on Tuesday (3 March). While he added that he understood the difficulties of the refugee situation in...","body":"WhatsApp\nRussia has absolutely no intention to stop its military operation in Syria until the adversary is defeated, stated Russias Foreign Minister Sergei Lavrov on Tuesday (3 March).\nWhile he added that he understood the difficulties of the refugee situation in the EU, he said Russia cant give up the fight against terrorism to solve that issue, even if we are repeatedly asked to do so.\nOn a brief visit to Helsinki, Lavrov blamed Turkey for not having kept its promises agreed in the 2018 Sochi agreement and for continuing to fraternise with elements opposing the Syrian government.\nFinish Foreign Minister Pekka Haavisto called for\nan immediate ceasefire in the Idlib region and emphasised the importance of a unified reaction from the EU to solve the crisis and the existing inhumane situation.\nOn Ukraine, while Haavisto suggested that enforcing the 2015 Minsk Agreement would be a way out, his Russian counterpart mer","keywords":"","language":"en","isSafe":true,"datePublished":"2020-03-05T07:17:08","provider":{"name":"euractiv"},"image":{"url":"","height":0,"width":0,"thumbnail":"","thumbnailHeight":0,"thumbnailWidth":0,"base64Encoding":"","name":null,"title":null,"imageWebSearchUrl":null}},{"id":"8974083684716064281","title":"Trump accepted Putin's proposal to hold UN Security Council summit","url":"http://deccanherald.com/international/trump-accepted-putins-proposal-to-hold-un-security-council-summit-interfax-cites-russias-lavrov-810211.html","description":"USPresident Donald Trump accepted Russian President Vladimir Putin's proposal to hold a meeting of the UN Security Council's five permanent members, the Interfax news agency cited Russian Foreign Minister Sergei <b>Lavrov</b> as saying on Tuesday. Russia expects the time and location of the summit to be agreed soon, <b>Lavrov</b> said. A senior USadministration official last week said","body":"Mar 03 2020, 20:45 ist\nupdated: Mar 03 2020, 20:45 ist\nUS President Donald Trump accepted Russian President Vladimir Putin's proposal to hold a meeting of the UN Security Council's five permanent members, the Interfax news agency cited Russian Foreign Minister Sergei Lavrov as saying on Tuesday.\nRussia expects the time and location of the summit to be agreed soon, Lavrov said.\nA senior US administration official last week said Trump was willing to meet the leaders of Russia, China, Britain, and France with the aim of discussing arms control.","keywords":"","language":"en","isSafe":true,"datePublished":"2020-03-03T15:15:47","provider":{"name":"deccanherald"},"image":{"url":"https://www.deccanherald.com/sites/dh/files/article_images/2020/03/03/donald%20trump-1583248547.jpg","height":789,"width":1200,"thumbnail":"https://rapidapi.contextualwebsearch.com/api/thumbnail/get?value=3028720983138322666","thumbnailHeight":197,"thumbnailWidth":299,"base64Encoding":null,"name":null,"title":null,"imageWebSearchUrl":null}},{"id":"582092607276258165","title":"Russias <b>Lavrov</b>, after Pompeo meeting, says felt more constructive U.S. approach","url":"https://peoplesnewspress.com/2020/02/18/russias-lavrov-after-pompeo-meeting-says-felt-more-constructive-u-s-approach/","description":"OSCOW Russian Foreign Minister Sergei <b>Lavrov</b> said on Monday after encountering U.S. Secretary of State Mike Pompeo last week which he felt an prolific method fr","body":"Russias Lavrov, after Pompeo meeting, says felt more constructive U.S. approach\nM\nOSCOW Russian Foreign Minister Sergei Lavrov said on Monday after encountering U.S. Secretary of State Mike Pompeo last week which he felt an prolific method from Washington regarding the U.S.-Russia specific communication.\nThe two top notch diplomats saw throughout the sidelines of a given Munich Security Conference on Friday enduring an run across which typically neither area has thus far discussed in depth.\nI felt certain small moves toward a more constructive approach by our American partners, Lavrov said on his ministrys web-page on Monday.\nLavrov said the two males had spoken about situations linked to tech savvy discussion between Russia plus the United States and about equips manage.\nThe last the rest of the most significant limbs influence contract between Moscow and Washington, the New START agree, passes away year after year. Russia has stated it can be all set to extend it, but U.S. experts ha","keywords":"","language":"en","isSafe":true,"datePublished":"2020-02-18T02:00:55","provider":{"name":"peoplesnewspress"},"image":{"url":"https://peoplesnewspress.com/wp-content/uploads/2020/02/m02d20200217t2i1491585331rLYNXMPEG1G11P.-scaled.jpg","height":1745,"width":2560,"thumbnail":"https://rapidapi.contextualwebsearch.com/api/thumbnail/get?value=7154571447614508313","thumbnailHeight":218,"thumbnailWidth":319,"base64Encoding":null,"name":null,"title":null,"imageWebSearchUrl":null}},{"id":"7920444345327305151","title":"Russia, Turkey are close but will disagree: <b>Lavrov</b>","url":"https://pakobserver.net/russia-turkey-are-close-but-will-disagree-lavrov/","description":"MUNICH Russia has good ties with Turkey but will sometimes disagree, Russias Foreign Minister Sergei <b>Lavrov</b> said on Saturday. We have very good relations with Turkey, that does not mean we have to agree on everything. Full agreement on all issues cannot be possible between any two countries, <b>Lavrov</b> told the Munich Security Council. Turkey","body":"WhatsApp\nMUNICH Russia has good ties with Turkey but will sometimes disagree, Russias Foreign Minister Sergei Lavrov said on Saturday. We have very good relations with Turkey, that does not mean we have to agree on everything. Full agreement on all issues cannot be possible between any two countries, Lavrov told the Munich Security Council. Turkey purchased the Russian S-400 air defense system despite opposition from NATO ally US and the threat of sanctions, and despite the fact the two countries support opposing sides in the ongoing Libya conflict, reports Arab News. Meanwhile, Turkey said differences over Syria shouldnt affect relations with Russia. The differences of opinion in Syria shouldnt affect Turkey-Russia relations.\nShare","keywords":"","language":"en","isSafe":true,"datePublished":"2020-02-16T01:31:10","provider":{"name":"pakobserver"},"image":{"url":"","height":0,"width":0,"thumbnail":"","thumbnailHeight":0,"thumbnailWidth":0,"base64Encoding":"","name":null,"title":null,"imageWebSearchUrl":null}},{"id":"2588621679604365194","title":"US sanctions on Venezuela illegal: Russia","url":"https://www.thedailystar.net/backpage/news/us-sanctions-venezuela-illegal-russia-1865257","description":"Russian Foreign Minister Sergei <b>Lavrov</b> on Friday slammed US sanctions against Venezuela as illegal during an official visit to Caracas. These sanctions are illegal and are the main cause of the crisis in the Venezuelan economy, said <b>Lavrov</b> after meeting his Venezuelan counterpart Jorge Arreaza. Russia is one of the main backers of Venezuelas President Nicolas Maduro,","body":"Russian Foreign Minister Sergei Lavrov on Friday slammed US sanctions against Venezuela as illegal during an official visit to Caracas. These sanctions are illegal and are the main cause of the crisis in the Venezuelan economy, said Lavrov after meeting his Venezuelan counterpart Jorge Arreaza. Russia is one of the main backers of Venezuelas President Nicolas Maduro,","keywords":"","language":"en","isSafe":true,"datePublished":"2020-02-08T18:00:00","provider":{"name":"thedailystar"},"image":{"url":"","height":0,"width":0,"thumbnail":"","thumbnailHeight":0,"thumbnailWidth":0,"base64Encoding":"","name":null,"title":null,"imageWebSearchUrl":null}},{"id":"213079425291535526","title":"Latin America is free to make own policy choices, says <b>Lavrov</b> on US threats and the humiliating Monroe Doctrine  Countercurrents","url":"https://countercurrents.org/2020/02/latin-america-is-free-to-make-own-policy-choices-says-lavrov-on-us-threats-and-the-humiliating-monroe-doctrine","description":"With Russian Foreign Minister Sergey <b><b>Lavrov</b>s</b> current Latin America tour significant change is happening in the region. Sergey <b>Lavrov</b> has hit back at threats from Washington over Moscows support for Venezuelan President Nicolas Maduro, insisting Caracas and its neighbors deserve the option not to be U.S. vassal states. <b>Lavrov</b> was in Mexico on an official tour. Prior to the Mexico[Read More...]","body":"With Russian Foreign Minister Sergey Lavrovs current Latin America tour significant change is happening in the region. Sergey Lavrov has hit back at threats from Washington over Moscows support for Venezuelan President Nicolas Maduro, insisting Caracas and its neighbors deserve the option not to be U.S. vassal states. Lavrov was in Mexico on an official tour. Prior to the Mexico[Read More...]","keywords":"","language":"en","isSafe":true,"datePublished":"2020-02-07T11:25:18","provider":{"name":"countercurrents"},"image":{"url":"https://countercurrents.org/wp-content/uploads/2020/02/Sergey-Lavrov.jpg","height":338,"width":602,"thumbnail":"https://rapidapi.contextualwebsearch.com/api/thumbnail/get?value=7490813832841299165","thumbnailHeight":253,"thumbnailWidth":450,"base64Encoding":null,"name":null,"title":null,"imageWebSearchUrl":null}},{"id":"6910032592002130146","title":"Russian Foreign Minister <b>Lavrov</b> hits out at US 'provocations' in Venezuela","url":"https://www.channelnewsasia.com/news/world/russian-foreign-minister-lavrov-hits-out-at-us--provocations--in-venezuela-12404038","description":"Russian Foreign Minister Sergei <b>Lavrov</b> on Thursday denounced U.S. foreign policy in Venezuela, criticizing U.S. \"provocations\" and attempts to ...","body":"Russian Foreign Minister Sergei Lavrov on Thursday denounced U.S. foreign policy in Venezuela, criticizing U.S. \"provocations\" and attempts to ...","keywords":"","language":"en","isSafe":true,"datePublished":"2020-02-07T04:53:22","provider":{"name":"channelnewsasia"},"image":{"url":"https://cna-sg-res.cloudinary.com/image/upload/q_auto,f_auto/image/12404034/16x9/991/557/ff42b9757ad243a0c6a775f806fe608e/vK/russian-foreign-minister-sergei-lavrov-attends-a-news-conference--in-mexico-city-1.jpg","height":557,"width":991,"thumbnail":"https://rapidapi.contextualwebsearch.com/api/thumbnail/get?value=7158382218982095265","thumbnailHeight":208,"thumbnailWidth":370,"base64Encoding":null,"name":null,"title":null,"imageWebSearchUrl":null}},{"id":"5000699471779663005","title":"Russia backs OPEC+ proposal to cut oil output: Foreign Minister <b>Lavrov</b>","url":"https://indianexpress.com/article/business/commodities/russia-backs-opec-proposal-to-cut-oil-output-lavrov-6255445/","description":"The OPEC+ group pumps more than 40 per cent of the world's oil.","body":"The OPEC+ group pumps more than 40 per cent of the world's oil.","keywords":"","language":"en","isSafe":true,"datePublished":"2020-02-07T04:06:43","provider":{"name":"indianexpress"},"image":{"url":"https://images.indianexpress.com/2020/02/AP-Russia-Foreign-Minister-Sergei-Lavrov-759.jpg?w=759","height":422,"width":759,"thumbnail":"https://rapidapi.contextualwebsearch.com/api/thumbnail/get?value=1218959955900297069","thumbnailHeight":157,"thumbnailWidth":284,"base64Encoding":null,"name":null,"title":null,"imageWebSearchUrl":null}},{"id":"1889045951778239824","title":"Sputnik Images media library","url":"http://sputnikimages.com/selection/list_123845241/6158583.html","description":"In this handout photo released by Russian Foreign Ministry, Russian Foreign Minister Sergey <b>Lavrov</b> and his Venezuelan counterpart Jorge Arreaza attend a meeting, in Caracas, Venezuela. Editorial use only, no archive, no commercial use.","body":"Our website uses cookies to improve its performance and enhance your user experience. Through cookies, certain personal data is collected and may be stored temporarily. You can change your cookie settings through your browser. More info: Privacy Policy\nAccept & Close","keywords":"","language":"en","isSafe":true,"datePublished":"2020-02-07T14:11:11","provider":{"name":"sputnikimages"},"image":{"url":"http://sputnikimages.com/images/0001/8238/27/000182382706_RIAN-ID-6158583.jpg","height":390,"width":600,"thumbnail":"https://rapidapi.contextualwebsearch.com/api/thumbnail/get?value=6993949994351403886","thumbnailHeight":146,"thumbnailWidth":224,"base64Encoding":null,"name":null,"title":null,"imageWebSearchUrl":null}},{"id":"5176000852566609729","title":"Russia supports OPEC+ panel proposal for deeper oil cut","url":"http://4-traders.com/bp-plc-9590188/news/russia-supports-opec-panel-proposal-for-deeper-oil-cut-foreign-minister-29954988/","description":"Russia supports a recommendation an OPEC+ technical panel made for a provisional cut in oil output of 600,000 barrelsper day  in response to the coronavirus' impact on energydemand, Foreign Minister... | February  7,  2020","body":"(You can enter multiple email addresses separated by commas)\nMessage :\n*\nRequired fields\nRussia supports a recommendation an OPEC+ technical panel made for a provisional cut in oil output of 600,000 barrelsper day (bpd) in response to the coronavirus' impact on energydemand, Foreign Minister Sergei Lavrov said on Thursday.\nLavrov said Russian President Vladimir Putin had spoken with Saudi Arabia about the new coronavirus, which has spread through China and beyond. He said the virus will have consequences for the oil market.\n\"We support this idea. Recently the president had a conversations with...Saudi Arabia and they talked about this matter, the consequences of coronavirus, consequences for the world economy,\" Lavrov said at a news conference in Mexico City, according to a live translation of his comments into Spanish.\n\"Of course it will have some consequences for the oil market,\" he said.\nLavrov said Russia was in consultations to determine which were the opt","keywords":"","language":"en","isSafe":true,"datePublished":"2020-02-07T00:11:38","provider":{"name":"4-traders"},"image":{"url":"https://www.marketscreener.com/images/twitter_MS_fdnoir.png","height":531,"width":799,"thumbnail":"https://rapidapi.contextualwebsearch.com/api/thumbnail/get?value=8171995345096257965","thumbnailHeight":531,"thumbnailWidth":799,"base64Encoding":null,"name":null,"title":null,"imageWebSearchUrl":null}},{"id":"1745017764686319876","title":"Russia Supports Deeper Oil Production Cuts Proposed By OPEC+ Panel","url":"https://www.hartenergy.com/news/russia-supports-deeper-oil-production-cuts-proposed-opec-panel-185807","description":"Russia supports a recommendation an OPEC+ technical panel made for a provisional cut in oil output in response to the coronavirus' impact on energy demand, Foreign Minister Sergei <b>Lavrov</b> says.","body":"Russia supports a recommendation an OPEC+ technical panel made for a provisional cut in oil output in response to the coronavirus' impact on energy demand, Foreign Minister Sergei Lavrov says.","keywords":"","language":"en","isSafe":true,"datePublished":"2020-02-07T10:10:00","provider":{"name":"hartenergy"},"image":{"url":"https://www.hartenergy.com/themes/custom/hart_energy/screenshot.png","height":500,"width":605,"thumbnail":"https://rapidapi.contextualwebsearch.com/api/thumbnail/get?value=6644745422173590403","thumbnailHeight":500,"thumbnailWidth":605,"base64Encoding":null,"name":null,"title":null,"imageWebSearchUrl":null}},{"id":"6105647832703683715","title":"<b>Lavrov</b> tours Latin America as Pentagon brands Russia, China as malign actors","url":"http://wsws.org/en/articles/2020/02/05/lavr-f05.html?view=print","description":"<b>Lavrovs</b> three-nation visit to Latin America comes on the heels of a tour of former Soviet republics by US Secretary of State Pompeo dedicated to denouncing Russia and China.","body":"Published by the International Committee of the Fourth International (ICFI)\nLavrov tours Latin America as Pentagon brands Russia, China as malign actors\nBy         Bill Van Auken\n5 February 2020\nRussian Foreign Minister Sergei Lavrov initiated a three-nation tour of Latin America today, with his first stop in Cuba, to be followed by visits to Mexico and Venezuela.\nThe tour comes on the heels of US Secretary of State Mike Pompeos swing through four former Soviet republicsUkraine, Belarus, Kazakhstan and Uzbekistanand a meeting with the foreign ministers of five Central Asian states, including Uzbekistan, Kazakhstan, Kyrgyzstan, Tajikistan and Turkmenistan.\nPompeo dedicated the tour to denouncing both Russian and Chinese influence and pressuring host governments to distance themselves from Moscow and Beijing. He attempted to play the human rights card, posing as a defender of Chinas Uighur and Kazakh minorities. The effect was somewhat diminished by Washingtons placing Kyrgyzstan on the ","keywords":"","language":"en","isSafe":true,"datePublished":"2020-02-05T05:00:00","provider":{"name":"wsws"},"image":{"url":"","height":0,"width":0,"thumbnail":"","thumbnailHeight":0,"thumbnailWidth":0,"base64Encoding":"","name":null,"title":null,"imageWebSearchUrl":null}},{"id":"1187771073459374996","title":"Russia Says It 'Will React' to Massive U.S. Military Move On Its Borders, 'It's Unavoidable'","url":"https://www.newsweek.com/russia-react-massive-us-moves-border-1485713","description":"Defender-Europe 20 is the largest U.S. deployment to Europe in more than 25 years, but NATO Secretary-General Jens Stoltenberg insists that it \"is not directed against any particular country.\"","body":"Russia\nMoscow's top diplomat has warned his government would take responsive measures to an upcoming, massive U.S. military deployment and U.S.-led exercises across multiple European states bordering Russia.\nRussian Foreign Minister Sergey Lavrov told official government newspaper Rossiyskaya Gazeta in an interview Monday that \"naturally, we will react\" to the NATO Western military alliance's Defender-Europe 20 exercise, which is due next month to begin facilitating the largest U.S. military deployment to Europe in 25 years. The majority of the drills are set to take place in May and June, involving some 36,000 personnelincluding 25,000 from the U.S.across Germany, Poland and the Baltic states of Estonia, Latvia and Lithuania.\n\"We cannot ignore these processes, which are of great concern, but we will respond in such a way that does not create unnecessary risks,\" Lavrov added. \"It's unavoidable. I hope that any normal military official and politician understands this.\"\n\"Those who provok","keywords":"","language":"en","isSafe":true,"datePublished":"2020-02-04T23:09:05","provider":{"name":"newsweek"},"image":{"url":"https://d.newsweek.com/en/full/1565075/us-military-europe-defender-exercise.jpg","height":719,"width":1279,"thumbnail":"https://rapidapi.contextualwebsearch.com/api/thumbnail/get?value=6073064937468750696","thumbnailHeight":179,"thumbnailWidth":318,"base64Encoding":null,"name":null,"title":null,"imageWebSearchUrl":null}},{"id":"3314516370732175613","title":"After deadly clashes, Erdogan says Turkey won't allow Syrian advance on Idlib","url":"http://haaretz.com/middle-east-news/turkey/after-deadly-clashes-erdogan-says-turkey-won-t-allow-syrian-advance-on-idlib-1.8496653","description":"Erdogan and Putin reportedly agreed to improve coordination of their countries' actions in Syria after a confrontation between Turkish and Syrian forces killed soldiers on both sides","body":"Close\nMoscow is concerned about attacks by militants who control Idlib. \"...Russia cannot solve this problem alone, but can continue trying to achieve unconditional, sincere and full implementation of the existing agreements on Idlib (by all sides involved),\" Russian Foreign Minister Sergei Lavrov said in an interview with the Rossiyskaya Gazeta newspaper on Tuesday.\nLater Tuesday, U.S. Secretary of State Mike Pompeo condemned the Syrian governments attacks on Idlib, stating his countrys support for Turkey.\nThe United States once again condemns the continued, unjustifiable, and ruthless assaults on the people of Idlib, Pompeo said in a statement. We stand by our NATO ally Turkey in the aftermath of the attack, which resulted in the death of multiple Turkish personnel serving at an observation post used for coordination and de-escalation, and fully support Turkeys justified self-defense actions in response.\nThe\nassault on the Turkish troops\ncame amid a Syrian government offensive that h","keywords":"","language":"en","isSafe":true,"datePublished":"2020-02-04T19:07:10","provider":{"name":"haaretz"},"image":{"url":"https://www.haaretz.com/polopoly_fs/1.8496849.1580832264!/image/2165458828.jpg_gen/derivatives/headline_1200x630/2165458828.jpg","height":630,"width":1200,"thumbnail":"https://rapidapi.contextualwebsearch.com/api/thumbnail/get?value=183938593115160220","thumbnailHeight":157,"thumbnailWidth":299,"base64Encoding":null,"name":null,"title":null,"imageWebSearchUrl":null}},{"id":"8869130911988426385","title":"Foreign Minister Sergey <b>Lavrovs</b> article titled Russia and Indonesia: 70 years of fruitful cooperation published in the Indonesian national newspaper Kompas, February 2, 2020","url":"http://rusemb.org.uk/article/593","description":"Foreign Minister Sergey <b>Lavrovs</b> article titled Russia and Indonesia: 70 years of fruitful cooperation published in the Indonesian national newspaper Kompas, February 2, 2020","body":"Foreign Minister Sergey Lavrovs interview with Prensa Latina News Agency, February 5, 2020\nQuestion: What is your opinion of the new US punitive measures to toughen the embargo against Cuba that has been in place for almost 60 years?    Sergey Lavrov: We can see that US attempts to reformat the Latin American region in line with its geopolitical interests aim to overthrow the undesirable regimes in Cuba, Venezuela and Nicaragua. The archaic Monroe Doctrine serves as the ideological foundation. In the run-up to the presidential election, the White House continues to ratchet up sanctions against those states which preserve their national independence, sovereignty and identity. This openly anti-human policy runs counter to the generally accepted principles of international law, including the UN Charter.\n03.02.2020 -\nForeign Minister Sergey Lavrovs interview with Rossiya 1 television channel for the documentary Antarctica: 200 Years of Peace, Moscow, February 2, 2020\nSergey Lavrov: Antarct","keywords":"","language":"en","isSafe":true,"datePublished":"2020-02-02T00:00:00","provider":{"name":"rusemb"},"image":{"url":"","height":0,"width":0,"thumbnail":"","thumbnailHeight":0,"thumbnailWidth":0,"base64Encoding":"","name":null,"title":null,"imageWebSearchUrl":null}}]}
