{"status":"ok","total_hits":237,"page":1,"total_pages":5,"page_size":50,"articles":[{"summary":"MOSCOW, August 22. / TASS /. The American administration openly calls on their European colleagues not to develop cooperation with Russia in the economic area, said Russian Foreign Minister Sergei Lavrov in an interview with the Vesti program on the Rossiya-1 TV channel on Saturday. \"Americans, in principle, are not very shy when they need to promote their economic interests. Diplomatic subtleties, half-hints, half-tones have long been discarded. You mentioned US Secretary of State Michael Pompeo, with whom I regularly communicate, the last time the telephone conversation was on August 16.","country":"RU","clean_url":"tass.com","author":null,"rights":"TASS","link":"https://tass.com/world/1192703","rank":"1873","topic":"news","language":"en","title":"US openly pushes Europe not to cooperate with Russia economically \u2014 Lavrov","published_date":"2020-08-22 21:40:16","_id":"44b872c7608071aaa0f7228cd230ea0a","_score":16.655697},{"summary":"Russia is interested in cooperation with China on 5G technology, TASS news agency reported, citing Russian Foreign Minister Sergei Lavrov. \"We will definitely not follow the example of the Americans, who simply demand that everyone not cooperate on 5G with China, in particular with Huawei,\" Lavrov said on Sunday at the All-Russian Youth Educational Forum \"Territory of Meanings\", Xinhua news agency reported. \"On the contrary, we are interested in interacting with countries in order to jointly create modern technologies and implement them into practical life,\" he added.","country":"NA","clean_url":"business-standard.com","author":null,"rights":"Copyright www.business-standard.com","link":"https://www.business-standard.com/article/international/russia-interested-in-cooperation-with-china-on-5g-russian-fm-lavrov-120082400093_1.html","rank":"1670","topic":"business","language":"en","title":"Russia interested in cooperation with China on 5G: Russian FM Lavrov","published_date":"2020-08-24 02:28:00","_id":"a02d3d8cc58300e40cd5225e527dc0fc","_score":16.609104},{"summary":"World17:55 GMT 22.08.2020(updated 17:59 GMT 22.08.2020) Get short URLhttps://cdn1.img.sputniknews.com/img/107911/91/1079119135_0:160:3058:1880_1200x675_80_0_0_1a8b3c5681e73bd8a55245efec116b00.jpgSputnik Internationalhttps://cdn2.img.sputniknews.com/i/logo.pngSputnikhttps://cdn2.img.sputniknews.com/i/logo.pnghttps://sputniknews.com/world/202008221080249379-us-does-everything-possible-to-not-be-bound-by-any-multilateral-obligations-lavrov-says/MOSCOW (Sputnik) - The latest actions of the current United States administration show that Washington is doing everything in order not to be bound by any multilateral obligations, Russian Foreign Minister Sergey Lavrov said on Saturday.","country":"RU","clean_url":"sputniknews.com","author":null,"rights":"Sputnik News - World News, Breaking News & Top Stories","link":"https://sputniknews.com/world/202008221080249379-us-does-everything-possible-to-not-be-bound-by-any-multilateral-obligations-lavrov-says/","rank":"1116","topic":"world","language":"en","title":"US Does Everything Possible to Not Be Bound By Any Multilateral Obligations, Lavrov Says","published_date":"2020-08-22 17:55:22","_id":"7423613aa3a50d4688342a26ff443092","_score":16.606403},{"summary":"World11:50 GMT 23.08.2020(updated 13:16 GMT 23.08.2020) Get short URLhttps://cdn1.img.sputniknews.com/img/07e4/08/17/1080254285_0:0:3097:1744_1200x675_80_0_0_0a0c871e40366a24350a2c4071d9f640.jpgSputnik Internationalhttps://cdn2.img.sputniknews.com/i/logo.pngSofia Chegodaeva. Sputnik Internationalhttps://sputniknews.com/world/202008231080254037-Sergei-Lavrov-The-West-Seeks-to-Remake-Belarus-in-Its-Own-Design/Anti-government protests have continued in Belarus for more than two weeks now, with demonstrators taking to the streets to express their anger over the results of the August 9 presidential election in the republic which they believe was rigged in favour of Lukashenko.","country":"RU","clean_url":"sputniknews.com","author":null,"rights":"Sputnik News - World News, Breaking News & Top Stories","link":"https://sputniknews.com/world/202008231080254037-Sergei-Lavrov-The-West-Seeks-to-Remake-Belarus-in-Its-Own-Design/","rank":"1116","topic":"world","language":"en","title":"Sergei Lavrov: The West Seeks to Remake Belarus in Its Own Design","published_date":"2020-08-23 11:50:05","_id":"8fe7180b3441725f7e19f3f9a75be52e","_score":16.372599},{"summary":"Russian Foreign Minister Sergey Lavrov held a phone call with his Turkish counterpart Mevlut Cavusoglu to discuss the latest situations in Libya and Syria. Lavrov and Cavusoglu also discussed bilateral relations, said the source, \u2026","country":"NA","clean_url":"vestnikkavkaza.net","author":"news@vestikavkaza.ru (Vestnik Kavkaza)","rights":"vestnikkavkaza.net","link":"http://vestnikkavkaza.net/material/135076","rank":"120282","topic":"news","language":"en","title":"Lavrov and Cavusoglu discuss Libya, Syria","published_date":"2020-08-21 06:45:00","_id":"05b875e0877e9f302a04284ba5e57923","_score":16.323496},{"summary":"Business14:52 GMT 23.08.2020(updated 14:59 GMT 23.08.2020) Get short URLhttps://cdn1.img.sputniknews.com/img/107805/02/1078050245_0:0:3072:1728_1200x675_80_0_0_fbe56dfb408ed76831e97a47ba7b04f1.jpgSputnik Internationalhttps://cdn2.img.sputniknews.com/i/logo.pngAndrei Dergalin. Sputnik Internationalhttps://sputniknews.com/business/202008231080255076-russia-is-willing-to-cooperate-with-china-huawei-on-5g-tech-foreign-minister-lavrov-says/Lavrov stated that Russia is interested in working together with other countries in order to jointly develop and implement modern technologies.","country":"RU","clean_url":"sputniknews.com","author":null,"rights":"Sputnik News - World News, Breaking News & Top Stories","link":"https://sputniknews.com/business/202008231080255076-russia-is-willing-to-cooperate-with-china-huawei-on-5g-tech-foreign-minister-lavrov-says/","rank":"1116","topic":"world","language":"en","title":"Russia is Willing to Cooperate With China, Huawei on 5G Tech, Foreign Minister Lavrov Says","published_date":"2020-08-23 14:52:38","_id":"d06fb8fb7dee3239026a9830ddb74f4f","_score":16.122597},{"summary":"Business Russia is ready to co-operate with China and its Huawei Technologies Co on 5G technology which Moscow is currently trying to develop, the Interfax news agency reported on Sunday, citing Russia's Foreign Minister Sergei Lavrov. A man rides a bicycle past a Huawei billboard in Belgrade, Serbia, August 12, 2020. Picture taken August 12, 2020. REUTERS/Marko Djurica MOSCOW: Russia is ready to co-operate with China and its Huawei Technologies Co on 5G technology which Moscow is currently trying to develop, the Interfax news agency reported on Sunday, citing Russia's Foreign Minister Sergei Lavrov.","country":"NA","clean_url":"channelnewsasia.com","author":null,"rights":"channelnewsasia.com","link":"https://www.channelnewsasia.com/news/business/russia-ready-to-co-operate-with-huawei-on-5g---ifax-cites-lavrov-13045628","rank":"1707","topic":"NA","language":"en","title":"Russia ready to co-operate with Huawei on 5G - Ifax cites Lavrov","published_date":"2020-08-23 13:25:40","_id":"9e1246744cf01cac7128c8f4d262dcb1","_score":16.116034},{"summary":"FILE PHOTO: Russian Foreign Minister Sergei Lavrov attends a news conference following a meeting with German Foreign Minister Heiko Maas in Moscow, Russia August 11, 2020. Russian Foreign Ministry/Handout via REUTERS MOSCOW (Reuters) - Moscow considers reform of the Belarusian constitution a viable solution to the country's political crisis, Russian news agencies reported foreign minister Sergei Lavrov as saying on Sunday. Lavrov was also reported to have said that Moscow also believes that the situation in Belarus, where there have been large-scale protests since its disputed election on Aug.","country":"US","clean_url":"reuters.com","author":null,"rights":"reuters.com","link":"https://www.reuters.com/article/us-belarus-election-russia-lavrov/moscow-believes-belarus-constitutional-reform-could-resolve-crisis-russian-news-agencies-idUSKBN25J0EA","rank":"85","topic":"news","language":"en","title":"Moscow believes Belarus constitutional reform could resolve crisis: Russian news agencies","published_date":"2020-08-23 12:14:00","_id":"fa57417d8fa7f2728fd7592bce4b1056","_score":16.069115},{"summary":"World11:50 GMT 23.08.2020(updated 12:24 GMT 23.08.2020) Get short URLhttps://cdn1.img.sputniknews.com/img/07e4/08/17/1080254285_0:0:3097:1744_1200x675_80_0_0_0a0c871e40366a24350a2c4071d9f640.jpgSputnik Internationalhttps://cdn2.img.sputniknews.com/i/logo.pngSputnikhttps://cdn2.img.sputniknews.com/i/logo.pnghttps://sputniknews.com/world/202008231080254037-the-west-seeks-to-remake-belarus-in-its-own-design-lavrov-says/Anti-government protests have continued in Belarus for more than two weeks now, with demonstrators taking to the streets to express their anger over the results of the August 9 presidential election in the republic which they believe was rigged in favour of Lukashenko.","country":"RU","clean_url":"sputniknews.com","author":null,"rights":"Sputnik News - World News, Breaking News & Top Stories","link":"https://sputniknews.com/world/202008231080254037-the-west-seeks-to-remake-belarus-in-its-own-design-lavrov-says/","rank":"1116","topic":"world","language":"en","title":"The West Seeks to Remake Belarus in Its Own Design, Lavrov Says","published_date":"2020-08-23 11:50:05","_id":"3d1301b383d36e0b56748d93c98d578f","_score":16.052355},{"summary":"MOSCOW, August 21. /TASS/. Ukraine needs to stop making excuses for not fulfilling their obligations under the Minsk agreements, Russian Foreign Minister Sergey Lavrov said in an interview with Trud newspaper. \"The participants in the Normandy summit (Russia, Germany, France, and Ukraine - TASS), including President [of Ukraine Vladimir] Zelensky, in Paris on December 9, 2019, unanimously supported the need for agreement between Kiev, Donetsk, and Lugansk on all legal aspects of the special status of Donbass in strict accordance with the provisions of the Minsk Package of Measures.","country":"RU","clean_url":"tass.com","author":null,"rights":"TASS","link":"https://tass.com/politics/1192105","rank":"1873","topic":"news","language":"en","title":"Lavrov urges Kiev to stop making excuses for not implementing Minsk agreements","published_date":"2020-08-20 22:13:03","_id":"b749befc7ca42c42057eb866a0f7a2cb","_score":15.997297},{"summary":"SOLNECHNOGORSK /Moscow Region/, August 23. /TASS/. The situation in Belarus is clearly normalizing but there are those who wish to implement the Ukrainian scenario, Russia's Foreign Minister Sergey Lavrov said at the youth educational forum \u2018Territory of Senses' on Sunday. \"The Belarusian people will decide itself how to resolve this situation,\" Lavrov stressed. \"I believe that the clear signs of the situation getting normal are quite important. I also know that not everyone likes this and there are those who wish to make this normal, peaceful trend of the developments in Belarus violent after all, provoke bloodshed and turn them into the Ukrainian scenario,\" he said.","country":"RU","clean_url":"tass.com","author":null,"rights":"TASS","link":"https://tass.com/politics/1192817","rank":"1873","topic":"news","language":"en","title":"Belarusians can cope with the situation in the country on their own - Lavrov","published_date":"2020-08-23 12:30:39","_id":"7b962c547fcf84abb2a5f96f5b725ee1","_score":15.888094},{"summary":"-- Army takes on crowd control around national memorials-- Lukashenko faces biggest challenge in 26 years at helm-- Lavrov says protests seek Venezuela-style scenario-- Opposition in West seeks 'bloodshed', Lavrov saysTens of thousands of anti-government protesters packed Minsk's streets on Sunday as the army waded into the Belarus political crisis, warning that the military rather than police would respond to opposition unrest near the city's national memorials.Huge nationwide demonstrations that erupted after the country's disputed election on August 9 have provided the biggest challenge yet to veteran leader Alexander Lukashenko's 26-year-old rule and tested the loyalty of his security forces.","country":"BD","clean_url":"thedailystar.net","author":null,"rights":"thedailystar.net","link":"https://www.thedailystar.net/world/news/belarus-protesters-flood-minsk-army-issues-warning-1949657","rank":"6665","topic":"news","language":"en","title":"Belarus protesters flood into Minsk as army issues warning","published_date":"2020-08-23 15:59:43","_id":"d4f16bfef68ddaa6c43205c1fe5b38df","_score":15.848379},{"summary":"Russia is interested in cooperation with China on 5G technology, TASS news agency reported, citing Russian Foreign Minister Sergei Lavrov. \"We will definitely not follow the example of the Americans, who simply demand that everyone...","country":"IN","clean_url":"indiatvnews.com","author":"IANS","rights":"indiatvnews.com","link":"https://www.indiatvnews.com/news/world/russia-interested-in-cooperation-with-china-on-5g-russian-fm-lavrov-644342","rank":"11664","topic":"entertainment","language":"en","title":"Russia interested in cooperation with China on 5G: Russian FM Lavrov","published_date":"2020-08-24 02:43:42","_id":"967a14fa7710a967083571787578d28a","_score":15.810569},{"summary":"The news agency cited Russia's foreign minister Sergei Laprov.MOSCOW: Russia is ready to co-operate with China and its Huawei Technologies Co on 5G technology which Moscow is currently trying to develop, the Interfax news agency reported on Sunday, citing Russia's foreign minister Sergei Lavrov.(Catch all the Business News, Breaking News Events and Latest News Updates on The Economic Times.)","country":"IN","clean_url":"indiatimes.com","author":null,"rights":"Copyright:(C)2020 Bennett Coleman & Co. Ltd, http://info.indiatimes.com/terms/tou.html","link":"https://economictimes.indiatimes.com/news/international/world-news/russia-ready-to-co-operate-with-huawei-on-5g-ifax-cites-sergei-lavrov/articleshow/77704688.cms","rank":"329","topic":"news","language":"en","title":"Russia ready to co-operate with Huawei on 5G - Ifax cites Sergei Lavrov","published_date":"2020-08-23 12:35:42","_id":"9ab9297f2e8caa11aa2a6eb854d02b49","_score":15.644724},{"summary":"MINSK/MOSCOW (Reuters) - Tens of thousands of anti-government protesters packed Minsk's streets on Sunday as the army waded into the Belarus political crisis, warning that the military rather than police would respond to opposition unrest near the city's national memorials. People attend an opposition demonstration to protest against presidential election results at the Independence Square in Minsk, Belarus August 23, 2020. REUTERS/StringerHuge nationwide demonstrations that erupted after the country's disputed election on Aug.","country":"US","clean_url":"reuters.com","author":null,"rights":"reuters.com","link":"https://af.reuters.com/article/worldNews/idAFKBN25J0CS","rank":"85","topic":"news","language":"en","title":"Belarus protesters flood into Minsk as army issues warning","published_date":"2020-08-23 11:11:00","_id":"a32984d1c67a10381acff47ecea00ded","_score":15.526727},{"summary":"People attend an opposition demonstration to protest against presidential election results at the Independence Square in Minsk, Belarus, Aug. 23, 2020. STRINGER/Reuters Tens of thousands of anti-government protesters packed Minsk's streets on Sunday as the army waded into the Belarus political crisis, warning that the military rather than police would respond to opposition unrest near the city's national memorials. Huge nationwide demonstrations that erupted after the country's disputed election on Aug.","country":"CA","clean_url":"theglobeandmail.com","author":"Polina Ivanova Tom Balmforth","rights":"2020 The Globe and Mail Inc.","link":"https://www.theglobeandmail.com/world/article-belarusian-protesters-pack-capital-army-issues-warning/?cmpid=rss","rank":"544","topic":"world","language":"en","title":"Belarus protesters flood into Minsk as army issues warning","published_date":"2020-08-23 14:27:55","_id":"243312d28c874bb985225065971ad905","_score":15.5018425},{"summary":"The European Union's High Representative/Vice-President Josep Borrell spoke with the Foreign Minister of the Russian Federation, Sergey Lavrov, on Thursday regarding the situation in Belarus following the presidential elections of August 9. In his capacity as coordinator of the JCPOA Joint ...","country":"NA","clean_url":"onenewspage.com","author":null,"rights":"(c) copyright One News Page","link":"https://www.onenewspage.com/n/World/1zlt8xlw8z/EU-Borrell-Discusses-Belarus-JCPOA-With-Russia.htm","rank":"34926","topic":"news","language":"en","title":"EU's Borrell Discusses Belarus, JCPOA With Russia's Foreign Minister Lavrov","published_date":"2020-08-21 16:03:02","_id":"71cc10837ed6ac264c7768506eecbeb9","_score":15.422702},{"summary":"Follow RT on Moscow is alarmed by Western attempts to profit from Belarus' internal difficulties and believes its neighbor should be left alone, according to Foreign Minister Sergey Lavrov, who accused the EU of being driven by geopolitics. Speaking to TV channel Russia-1, Lavrov called on Belarusians to sort out their own affairs and reject the notion of having to side with either Russia or the European Union. He added that members of the bloc weren't genuinely interested in human rights or democracy, but, instead, a desire to pull Minsk into their orbit.","country":"RU","clean_url":"rt.com","author":"RT","rights":"RT","link":"https://www.rt.com/russia/498416-eu-belarus-geopolitics/?utm_source=rss&utm_medium=rss&utm_campaign=RSS","rank":"521","topic":"news","language":"en","title":"EU not genuinely interested in human rights or democracy in Belarus, real motivation is geopolitical \u2013 Russian FM Lavrov","published_date":"2020-08-19 12:29:00","_id":"bda0b734e4f90854cd17e4c6a13f1873","_score":15.409981},{"summary":"Russia and its partners in the OSCE Minsk Group are working on the earliest possible resumption of negotiations on the Nagorno-Karabakh settlement, Russian Foreign Minister Sergey Lavrov said. \"We are expecting early resumption of \u2026","country":"NA","clean_url":"vestnikkavkaza.net","author":"news@vestikavkaza.ru (Vestnik Kavkaza)","rights":"vestnikkavkaza.net","link":"http://vestnikkavkaza.net/material/135083","rank":"120282","topic":"news","language":"en","title":"Lavrov: Russia works to resume negotiations on Karabakh","published_date":"2020-08-21 08:30:00","_id":"6ed6848d0a5de5d41b9bd6e6cb524a33","_score":15.408871},{"summary":"A man rides a bicycle past a Huawei billboard in Belgrade, Serbia, August 12, 2020. Picture taken August 12, 2020. REUTERS/Marko DjuricaMOSCOW (Reuters) - Russia is ready to co-operate with China and its Huawei Technologies Co on 5G technology which Moscow is currently trying to develop, the Interfax news agency reported on Sunday, citing Russia's Foreign Minister Sergei Lavrov. Reporting by Polina Ivanova; Writing by Katya Golubkova; Editing by Raissa KasolowskyOur Standards:The Thomson Reuters Trust Principles.","country":"US","clean_url":"reuters.com","author":null,"rights":"reuters.com","link":"https://in.reuters.com/article/huawei-5g-russia/russia-ready-to-co-operate-with-huawei-on-5g-ifax-cites-lavrov-idINKBN25J0F2","rank":"85","topic":"news","language":"en","title":"Russia ready to co-operate with Huawei on 5G - Ifax cites Lavrov","published_date":"2020-08-23 13:18:00","_id":"108a72354ab21fb06968b06fdcb6d664","_score":15.389739},{"summary":"Moscow is closely following the state of affairs in Tbilisi and hopes that air traffic with Georgia will be restored in the near future, Russian Foreign Minister Sergey Lavrov said in an interview with Trud newspaper. \"I would \u2026","country":"NA","clean_url":"vestnikkavkaza.net","author":"news@vestikavkaza.ru (Vestnik Kavkaza)","rights":"vestnikkavkaza.net","link":"http://vestnikkavkaza.net/material/135082","rank":"120282","topic":"news","language":"en","title":"Lavrov hopes flights with Georgia to resume in the near future","published_date":"2020-08-21 08:15:22","_id":"2560c8c2908a0669d9f009203fcf8af6","_score":15.384173},{"summary":"MOSCOW, August 19. /TASS/. Russian Foreign Minister Sergey Lavrov has called on those putting forward proposals on mediation in Belarus to make these offers directly to the Belarusian leadership rather than \"through the microphone.\" \"When they speak about \u2018mediation' now, as we hear offers from Lithuania and Poland, while somebody said that the OSCE should act as a mediator, I call on everyone putting such ideas forward to do it directly to Belarusians and the Belarusian leadership in the first place rather than through the microphone.","country":"RU","clean_url":"tass.com","author":null,"rights":"TASS","link":"https://tass.com/politics/1191449","rank":"1880","topic":"news","language":"en","title":"Lavrov suggests mediation bids be offered directly to Minsk, not 'through the microphone''","published_date":"2020-08-19 11:38:00","_id":"c7891399c6e1c586e0bf87ef541b8e72","_score":15.342784},{"summary":"MOSCOW, August 19. /TASS/. Russian Foreign Minister Sergey Lavrov has called on those putting forward proposals on mediation in Belarus to make these offers directly to the Belarusian leadership rather than \"through the microphone.\" \"When they speak about \u2018mediation' now, as we hear offers from Lithuania and Poland, while somebody said that the OSCE should act as a mediator, I call on everyone putting such ideas forward to do it directly to Belarusians and the Belarusian leadership in the first place rather than through the microphone.","country":"RU","clean_url":"tass.com","author":null,"rights":"TASS","link":"https://tass.com/politics/1191449","rank":"1880","topic":"news","language":"en","title":"Lavrov suggests mediation bids be offered directly to Minsk, not 'through the microphone'","published_date":"2020-08-19 11:38:00","_id":"45c30332c03a8b2e4537b260e0c61bf9","_score":15.342784},{"summary":"Russia01:53 GMT 21.08.2020Get short URLhttps://cdn1.img.sputniknews.com/img/107975/66/1079756613_0:0:2991:1682_1200x675_80_0_0_d7857eb9c0612e8d4087bb9cfa20e572.jpgSputnik Internationalhttps://cdn2.img.sputniknews.com/i/logo.pngSputnikhttps://cdn2.img.sputniknews.com/i/logo.pnghttps://sputniknews.com/russia/202008211080232603-moscow-seeks-to-hold-intra-palestinian-meeting-after-covid-19-situation-improves-russian-fm-says/MOSCOW (Sputnik) - Moscow expects to convene another meeting of representatives of Palestinian parties as soon as the epidemiological situation improves, Russian Foreign Minister Sergey Lavrov said in an interview with Russia's Trud newspaper.","country":"RU","clean_url":"sputniknews.com","author":null,"rights":"Sputnik News - World News, Breaking News & Top Stories","link":"https://sputniknews.com/russia/202008211080232603-moscow-seeks-to-hold-intra-palestinian-meeting-after-covid-19-situation-improves-russian-fm-says/","rank":"1116","topic":"world","language":"en","title":"Moscow Seeks to Hold Intra-Palestinian Meeting After COVID-19 Situation Improves, Russian FM Says","published_date":"2020-08-21 01:53:26","_id":"78421cc40b2db5df931ebe1f723c158b","_score":15.2989025},{"summary":"MOSCOW, August 23. /TASS/. The US attempt to restore sanctions on Iran might trigger a serious scandal at the UN Security Council and eventually undermine its authority, Russian Foreign Minister Sergey Lavrov said in an interview with the Rossiya-1 TV channel. According to the transcript of the interview, posted on the Russian Foreign Ministry's website, Lavrov expects the United States to try to restore international binding sanctions against Iran \"by using legalistic, quasi-juridicial methods.\" \"We are working with our US partners and other Security Council members in New York and in capitals.","country":"RU","clean_url":"tass.com","author":null,"rights":"TASS","link":"https://tass.com/world/1192707","rank":"1873","topic":"news","language":"en","title":"US plan to restore anti-Iranian sanctions can erode Security Council's authority \u2014 Lavrov","published_date":"2020-08-23 01:45:43","_id":"810a75322fe99aa046d98d7430e50f9b","_score":15.288042},{"summary":"MOSCOW, August 19. /TASS/. Russian Foreign Minister Sergey Lavrov has called on those putting forward proposals on mediation in Belarus to make these offers directly to the Belarusian leadership rather than \"through microphone.\" \"When they speak about \u2018mediation' now, as we hear offers from Lithuania and Poland, while somebody said that the OSCE should act as a mediator, I call on everyone putting such ideas forward to do it directly to Belarusians and the Belarusian leadership in the first place rather than through microphone.","country":"RU","clean_url":"tass.com","author":null,"rights":"TASS","link":"https://tass.com/politics/1191449","rank":"1880","topic":"news","language":"en","title":"Russia's Lavrov urges to offer mediation directly to Minsk, not 'through microphone'","published_date":"2020-08-19 11:38:00","_id":"b41f58e66b683e991e56cc2c32f93d5e","_score":15.262277},{"summary":"MOSCOW, August 21. /TASS/. At the upcoming 75th session of the UN General Assembly, Russia will continue to work on strengthening international cooperation in the fight against terrorism, strengthening the existing and developing new treaty regimes in the field of arms control, and upholding the principle of the inadmissibility of distorting history, Russian Foreign Minister Sergey Lavrov said in an interview with Trud newspaper. \"At the upcoming session of the General Assembly, the Russian side will defend its principled approaches.","country":"RU","clean_url":"tass.com","author":null,"rights":"TASS","link":"https://tass.com/politics/1192115","rank":"1873","topic":"news","language":"en","title":"Lavrov: Russia will focus on arms control at the 75th session of the UN General Assembly","published_date":"2020-08-21 00:50:39","_id":"59516e908fd224523b1780d4fb025b74","_score":15.245667},{"summary":"MOSCOW (Reuters) - Russian Foreign Minister Sergei Lavrov said on Sunday that it would be impossible to prove that Belarus leader Alexander Lukashenko did not win an Aug. 9 election in the absence of international observers, the Interfax news agency reported. He also said that Moscow calls for the launch of a genuinely broad national dialogue in Belarus, the RIA news agency reported, after the disputed presidential election results set off two weeks of protests and unrest. Reporting by Polina Ivanova and Tom Balmforth; Editing by Raissa KasolowskyOur Standards:The Thomson Reuters Trust Principles.","country":"US","clean_url":"reuters.com","author":null,"rights":"reuters.com","link":"https://www.reuters.com/article/us-belarus-election-russia-lukashenko/russias-lavrov-says-no-way-to-prove-belarus-leader-lukashenko-did-not-win-vote-ifax-idUSKBN25J0FM","rank":"85","topic":"news","language":"en","title":"Russia's Lavrov says no way to prove Belarus leader Lukashenko did not win vote: Ifax","published_date":"2020-08-23 12:42:00","_id":"dff4090fde0451445aa77bf53cff2677","_score":15.216228},{"summary":"MOSCOW (Reuters) - Russia's Foreign Minister Sergei Lavrov accused Belarusian opposition members who left Belarus during recent protests of seeking 'bloodshed\u201d, according to the RIA newsagency on Sunday. He added that Belarusian opposition leader, Sviatlana Tsikhanouskaya, who left for Lithuania amid protests following a disputed election two weeks ago, had been 'pressured\u201d as she started to make more statements in English recently. Reporting by Polina Ivanova and Tom Balmforth; Writing by Katya Golubkova; Editing by Raissa KasolowskyOur Standards:The Thomson Reuters Trust Principles.","country":"US","clean_url":"reuters.com","author":null,"rights":"reuters.com","link":"https://www.reuters.com/article/us-belarus-election-russia-lavrov-opposi/russias-lavrov-says-belarusian-opposition-members-who-left-for-west-seek-bloodshed-ria-idUSKBN25J0G4","rank":"85","topic":"news","language":"en","title":"Russia's Lavrov says Belarusian opposition members who left for West seek 'bloodshed': RIA","published_date":"2020-08-23 12:57:00","_id":"a5d61106a0fb381b4e3296217a25190b","_score":15.216228},{"summary":"The Russian foreign minister on Sunday said the Belarusian opposition is not happy over its \"waning\" support for protests, and wants bloodshed. Speaking at the Terra Scientia National Youth Educational Forum in Solnechnogorsk, Moscow Region, Sergey Lavrov said the law enforcers do not interfere in peaceful demonstrations but \"some Belarusian opposition figures who live in the West, and try to influence events in their country from there\" are provoking for hostilities. He compared the protests in Belarus with what happened in Venezuela, saying the Belarusian opposition follows the Venezuelan model, and is asking President Alexander Lukashenko to have talks only to discuss his resignation.","country":"JO","clean_url":"albawaba.com","author":"ewelina","rights":"albawaba.com","link":"https://www.albawaba.com/news/russian-fm-lavrov-says-belarus-opposition-wants-bloodshed-1376268","rank":"7205","topic":"NA","language":"en","title":"Russian FM Lavrov Says Belarus Opposition Wants Bloodshed","published_date":"2020-08-24 07:20:52","_id":"590deecfbcfcadc0f6515628203b084a","_score":15.150714},{"summary":"2/2 \u00a9 Reuters. Belarusian President Lukashenko visits a military firing range near Grodno 2/2 MINSK/MOSCOW (Reuters) - Tens of thousands of anti-government protesters packed Minsk's streets on Sunday as the army waded into the Belarus political crisis, warning that the military rather than police would respond to opposition unrest near the city's national memorials. Huge nationwide demonstrations that erupted after the country's disputed election on Aug. 9 have provided the biggest challenge yet to veteran leader Alexander Lukashenko's 26-year-old rule and tested the loyalty of his security forces.","country":"ES","clean_url":"investing.com","author":"Reuters","rights":"investing.com","link":"https://www.investing.com/news/world-news/belarus-army-to-take-over-protection-of-memorial-monuments-2274107","rank":"2031","topic":"NA","language":"en","title":"Belarus protesters flood into Minsk as army issues warning","published_date":"2020-08-23 16:11:59","_id":"6247f9f6678e0aad3483560b430395b2","_score":15.031342},{"summary":"Follow RT on Confrontation with Russia has become the sole reason for NATO's existence, and this encourages instability in Europe, creating artificial dividing lines on the continent. That's according to Russian foreign minister Sergey Lavrov. The veteran diplomat told the Moscow daily Trud that everyone knows there are no real threats to security in Europe but that NATO needs to invent them in order to keep itself relevant. Lavrov also drew attention to the fact that Russia has repeatedly proposed measures to reduce tensions and reduce the risk of incidents on the continent.","country":"RU","clean_url":"rt.com","author":"RT","rights":"RT","link":"https://www.rt.com/russia/498693-nato-fighting-russia-necessity/?utm_source=rss&utm_medium=rss&utm_campaign=RSS","rank":"520","topic":"news","language":"en","title":"Fighting Russia has become an existential necessity for NATO, if tensions are reduced alliance has no purpose \u2013 Russia FM Lavrov","published_date":"2020-08-21 19:22:00","_id":"99932bb2978486dab203afa26c89e8ef","_score":14.988359},{"summary":"Russian Foreign Minister Sergei Lavrov attends a news conference following a meeting with German Foreign Minister Heiko Maas in Moscow, Russia August 11, 2020. Russian Foreign Ministry/Handout via REUTERS MOSCOW (Reuters) - Russian Foreign Minister Sergei Lavrov said on Sunday that it would be impossible to prove that Belarus leader Alexander Lukashenko did not win an Aug. 9 election in the absence of international observers, the Interfax news agency reported. He also said that Moscow calls for the launch of a genuinely broad national dialogue in Belarus, the RIA news agency reported, after the disputed presidential election results set off two weeks of protests and unrest.","country":"IN","clean_url":"reuters.com","author":null,"rights":"reuters.com","link":"https://in.reuters.com/article/belarus-election-russia-lukashenko/russias-lavrov-says-no-way-to-prove-belarus-leader-lukashenko-did-not-win-vote-ifax-idINKBN25J0GK","rank":"999999","topic":"news","language":"en","title":"Russia's Lavrov says no way to prove Belarus leader Lukashenko did not win vote - Ifax","published_date":"2020-08-23 13:23:00","_id":"39498de556a7cabee41143648e0f3fd0","_score":14.964052},{"summary":"FILE PHOTO: Huawei logo pictured outside its headquarters building in Reading, Britain, July 14, 2020. REUTERS/Matthew ChildsMOSCOW (Reuters) - Russia is ready to co-operate with China and its Huawei Technologies Co on 5G technology which Moscow is currently trying to develop, the Interfax news agency reported on Sunday, citing Russia's Foreign Minister Sergei Lavrov. Reporting by Polina Ivanova; Writing by Katya Golubkova; Editing by Raissa KasolowskyOur Standards:The Thomson Reuters Trust Principles.","country":"GB","clean_url":"reuters.com","author":null,"rights":"reuters.com","link":"https://uk.reuters.com/article/us-huawei-5g-russia/russia-ready-to-co-operate-with-huawei-on-5g-ifax-cites-lavrov-idUKKBN25J0FE?il=0","rank":"14439","topic":"news","language":"en","title":"Russia ready to co-operate with Huawei on 5G: Ifax cites Lavrov","published_date":"2020-08-23 12:42:00","_id":"b868601515e4e2b5f1099e7b317c9d0b","_score":14.946866},{"summary":"","country":"RU","clean_url":"tass.com","author":null,"rights":"TASS","link":"https://tass.com/politics/1191433","rank":"1880","topic":"news","language":"en","title":"Lavrov confirms readiness to visit Cyprus","published_date":"2020-08-19 12:01:41","_id":"11d8bff6b98afcf424340385429cde54","_score":14.900735},{"summary":"People march during an opposition demonstration to protest against presidential election results at the Independence Square in Minsk, Belarus. (Courtesy: Reuters photo)Tens of thousands of anti-government protesters packed Minsk's streets on Sunday as the army waded into the Belarus political crisis, warning that the military rather than police would respond to opposition unrest near the city's national memorials.Huge nationwide demonstrations that erupted after the country's disputed election on Aug.","country":"IN","clean_url":"financialexpress.com","author":"Reuters","rights":"financialexpress.com","link":"https://www.financialexpress.com/world-news/belarus-protesters-flood-into-minsk-as-army-issues-warning/2063248/","rank":"2958","topic":"news","language":"en","title":"Belarus protesters flood into Minsk as army issues warning","published_date":"2020-08-23 15:47:00","_id":"9e1f30b3392d0f9fb52b039be08b8b5e","_score":14.890502},{"summary":"","country":"RU","clean_url":"tass.com","author":null,"rights":"TASS","link":"https://tass.com/politics/1192119","rank":"1873","topic":"news","language":"en","title":"Lavrov: Russia works to resume negotiations on Karabakh","published_date":"2020-08-21 01:46:51","_id":"91f95f89e2a14c6cc26ecdb980eaacb6","_score":14.859656},{"summary":"","country":"RU","clean_url":"tass.com","author":null,"rights":"TASS","link":"https://tass.com/politics/1192109","rank":"1873","topic":"news","language":"en","title":"Lavrov hopes flights with Georgia will resume in the near future","published_date":"2020-08-20 23:21:29","_id":"9d6b58829b3d6d8aede278fdf00685ce","_score":14.818511},{"summary":"","country":"RU","clean_url":"tass.com","author":null,"rights":"TASS","link":"https://tass.com/politics/1192651","rank":"1873","topic":"news","language":"en","title":"Lavrov's talks with Biegun under consideration - Foreign Ministry","published_date":"2020-08-22 11:00:17","_id":"0b4021a2b65ced151e4b4d12956fb0c1","_score":14.818511},{"summary":"Moscow, Aug 24 : Russia is interested in cooperation with China on 5G technology, TASS news agency reported, citing Russian Foreign Minister Sergei Lavrov. \u201cWe will definitely not follow the example of the Americans, who simply demand that everyone not cooperate on 5G with China, in particular with Huawei,\u201d Lavrov said on Sunday at the \u2026 Get the latest updates in Hyderabad City News, Technology, Entertainment, Sports, Politics and Top Stories on WhatsApp & Telegram by subscribing to our channels.","country":"NA","clean_url":"siasat.com","author":"News Desk 1","rights":"siasat.com","link":"https://www.siasat.com/russia-interested-in-cooperation-with-china-on-5g-russian-fm-1955569/","rank":"28052","topic":"news","language":"en","title":"Russia interested in cooperation with China on 5G: Russian FM","published_date":"2020-08-24 01:32:36","_id":"d8fe164b470819abae2d18b6dbc46172","_score":14.783302},{"summary":"","country":"RU","clean_url":"tass.com","author":null,"rights":"TASS","link":"https://tass.com/world/1192683","rank":"1873","topic":"news","language":"en","title":"Lavrov: US openly agitates Europe not to cooperate with Russia economically","published_date":"2020-08-22 18:08:59","_id":"b3264690a04abf2cad0c9abafb07b21d","_score":14.777608},{"summary":"","country":"RU","clean_url":"tass.com","author":null,"rights":"TASS","link":"https://tass.com/politics/1192139","rank":"1873","topic":"news","language":"en","title":"Hamas ready to participate in inter-Palestinian meeting in Moscow \u2014 Lavrov","published_date":"2020-08-21 05:34:50","_id":"330a5a53d0127d4c972153db5b71790e","_score":14.777608},{"summary":"","country":"RU","clean_url":"tass.com","author":null,"rights":"TASS","link":"https://tass.com/politics/1192853","rank":"1873","topic":"news","language":"en","title":"OSCE should have sent its observers to Belarusian elections - Lavrov","published_date":"2020-08-23 14:36:04","_id":"14fc2a7b91a24e5fa6a8ac919ef2ec80","_score":14.736944},{"summary":"","country":"RU","clean_url":"tass.com","author":null,"rights":"TASS","link":"https://tass.com/world/1192541","rank":"1873","topic":"news","language":"en","title":"Lavrov tells Swedish top diplomat unacceptable to impose mediation on Belarus","published_date":"2020-08-21 18:12:39","_id":"c32a7ae2459e472e5b45fe2c645857a4","_score":14.736944},{"summary":"","country":"NA","clean_url":"investing.com","author":"Reuters","rights":"investing.com","link":"https://www.investing.com/news/technology-news/russia-ready-to-cooperate-with-huawei-on-5g-ifax-cites-lavrov-2274142","rank":"2031","topic":"finance","language":"en","title":"Russia ready to co-operate with Huawei on 5G: Ifax cites Lavrov","published_date":"2020-08-23 12:45:23","_id":"cc6fe1e58f742d10d504249228a5243a","_score":14.729983},{"summary":"\u00a9 Sputnik/Press service of the Russian foreign MinistryRussian foreign Minister Sergey Lavrov\u00a0\u00a0 Confrontation with Russia has become the sole reason for NATO's existence, and this encourages instability in Europe, creating artificial dividing lines on the continent. That's according to Russian foreign minister Sergey Lavrov.The veteran diplomat told the Moscow daily Trud that everyone knows there are no real threats to security in Europe but that NATO needs to invent them in order to keep itself relevant.","country":"US","clean_url":"sott.net","author":null,"rights":"Original content Copyright 2020 by Signs of the Times/Sott.net. For other content, see our Fair Use Policy at www.sott.net.","link":"https://www.sott.net/article/440188-Lavrov-Fighting-Russia-has-become-an-existential-necessity-for-NATO-if-tensions-are-reduced-alliance-has-no-purpose","rank":"7275","topic":"news","language":"en","title":"Lavrov: Fighting Russia has become an existential necessity for NATO, if tensions are reduced alliance has no purpose","published_date":"2020-08-22 18:58:55","_id":"f6a8adc3f4fbb4e042cb1d3e86eeab80","_score":14.726911},{"summary":"","country":"RU","clean_url":"tass.com","author":null,"rights":"TASS","link":"https://tass.com/politics/1192113","rank":"1873","topic":"news","language":"en","title":"Lavrov: Kiev uses conflict in Donbass to maintain EU sanctions against Russia","published_date":"2020-08-21 00:32:51","_id":"9b30294d2759be15c16709db0387c943","_score":14.696519},{"summary":"Follow RT on Some within the Belarusian opposition seek 'bloodshed\u201d in the country, Russia's foreign minister claimed, saying that exiled candidate Svetlana Tikhanovskaya appears to be appealing more to a Western audience than a domestic one. Speaking at an educational youth forum on Sunday, Russian FM Sergey Lavrov touched upon the ongoing unrest in neighboring Belarus. The country is enduring a wave of mass protests triggered by contested elections.'The Belarusian people will decide for themselves how to get out of this situation,\"\u00a0Lavrov said, adding that there are \"clear signs\" that the situation there is \"stabilizing.","country":"RU","clean_url":"rt.com","author":"RT","rights":"RT","link":"https://www.rt.com/russia/498784-lavrov-belarus-bloodshed-opposition/?utm_source=rss&utm_medium=rss&utm_campaign=RSS","rank":"520","topic":"news","language":"en","title":"Russian FM Lavrov says some Belarus opposition figures seek \u2018bloodshed,' want to turn country into second Ukraine","published_date":"2020-08-23 18:00:11","_id":"25080c17633c2a3a1c75bfd88adb8d66","_score":14.663029},{"summary":"","country":"NA","clean_url":"ahram.org.eg","author":null,"rights":"ahram.org.eg","link":"http://english.ahram.org.eg/NewsContent/2/9/378350/World/International/Russia-ready-to-cooperate-with-Huawei-on-G-Ifax-ci.aspx","rank":"4592","topic":"NA","language":"en","title":"Russia ready to co-operate with Huawei on 5G: Ifax cites Lavrov","published_date":"2020-08-23 02:43:34","_id":"21369c1a4d7fcafe99e9461e31ee6c01","_score":14.627319},{"summary":"MOSCOW: Russia is ready to co-operate with China and its Huawei Technologies Co on 5G technology which Moscow is currently trying to develop, the Interfax news agency reported on Sunday, citing Russia\u2019s Foreign Minister Sergei Lavrov. (Reporting by Polina Ivanova; Writing by Katya Golubkova; Editing by Raissa Kasolowsky) Advertisement Advertisement Article source: https://www.channelnewsasia.com/news/business/russia-ready-to-co-operate-with-huawei-on-5g---ifax-cites-lavrov-13045628","country":"CN","clean_url":"timesofnews.com","author":"Times of News","rights":"timesofnews.com","link":"https://china.timesofnews.com/business-economy/russia-ready-to-co-operate-with-huawei-on-5g","rank":"999999","topic":"news","language":"en","title":"Russia ready to co-operate with Huawei on 5G","published_date":"2020-08-23 14:56:35","_id":"60f969d18c6d702d2bfe17e92fb6c957","_score":14.589792}],"user_input":{"q":"Lavrov","search_in":"title_summary_en","lang":"en","ranked_only":"True","sort_by":"relevancy","from":"2020-08-19 00:00:00","page":1,"size":50,"media":"False"}}

